[{"model": "contenttypes.contenttype", "pk": 1, "fields": {"app_label": "admin", "model": "logentry"}}, {"model": "contenttypes.contenttype", "pk": 2, "fields": {"app_label": "auth", "model": "permission"}}, {"model": "contenttypes.contenttype", "pk": 3, "fields": {"app_label": "auth", "model": "group"}}, {"model": "contenttypes.contenttype", "pk": 4, "fields": {"app_label": "auth", "model": "user"}}, {"model": "contenttypes.contenttype", "pk": 5, "fields": {"app_label": "contenttypes", "model": "contenttype"}}, {"model": "contenttypes.contenttype", "pk": 6, "fields": {"app_label": "sessions", "model": "session"}}, {"model": "contenttypes.contenttype", "pk": 7, "fields": {"app_label": "attendence", "model": "student"}}, {"model": "contenttypes.contenttype", "pk": 8, "fields": {"app_label": "attendence", "model": "attendance"}}, {"model": "contenttypes.contenttype", "pk": 9, "fields": {"app_label": "attendence", "model": "subject"}}, {"model": "contenttypes.contenttype", "pk": 10, "fields": {"app_label": "attendence", "model": "subjectstudent"}}, {"model": "contenttypes.contenttype", "pk": 11, "fields": {"app_label": "attendence", "model": "theory"}}, {"model": "contenttypes.contenttype", "pk": 12, "fields": {"app_label": "attendence", "model": "practical"}}, {"model": "contenttypes.contenttype", "pk": 13, "fields": {"app_label": "attendence", "model": "subjectholder"}}, {"model": "sessions.session", "pk": "8ny9494eh8upfq6i18c2k6jzyfqhq2by", "fields": {"session_data": "YzU5MDdkNWU3MzIwNmNjN2ZkMjg0MWY3ODYxZjJhZjA1ZGVhOWQzNDp7Il9hdXRoX3VzZXJfaWQiOiIxIiwiX2F1dGhfdXNlcl9iYWNrZW5kIjoiZGphbmdvLmNvbnRyaWIuYXV0aC5iYWNrZW5kcy5Nb2RlbEJhY2tlbmQiLCJfYXV0aF91c2VyX2hhc2giOiJhYTQ1M2EwMWEyM2Y0ZDBiNTgxOGZjYmQ2ZmNiNWYyYmI2ZGQ5MmU4In0=", "expire_date": "2017-07-13T10:06:28.548Z"}}, {"model": "sessions.session", "pk": "mhaicr8zivofkmoaodi8d7kjxml5lxku", "fields": {"session_data": "YzU5MDdkNWU3MzIwNmNjN2ZkMjg0MWY3ODYxZjJhZjA1ZGVhOWQzNDp7Il9hdXRoX3VzZXJfaWQiOiIxIiwiX2F1dGhfdXNlcl9iYWNrZW5kIjoiZGphbmdvLmNvbnRyaWIuYXV0aC5iYWNrZW5kcy5Nb2RlbEJhY2tlbmQiLCJfYXV0aF91c2VyX2hhc2giOiJhYTQ1M2EwMWEyM2Y0ZDBiNTgxOGZjYmQ2ZmNiNWYyYmI2ZGQ5MmU4In0=", "expire_date": "2017-06-30T13:30:19.831Z"}}, {"model": "attendence.student", "pk": 1, "fields": {"created": "2017-06-16T13:32:34.883Z", "first_name": "Dylan", "last_name": "Dsouza", "branch": 1, "semester": 4, "roll_no": 101509}}, {"model": "attendence.student", "pk": 2, "fields": {"created": "2017-06-30T07:22:40.196Z", "first_name": "Joel", "last_name": "Miranda", "branch": 1, "semester": 4, "roll_no": 101510}}, {"model": "attendence.attendance", "pk": 1, "fields": {"created": "2017-06-16T13:42:14.437Z", "student": 1}}, {"model": "attendence.attendance", "pk": 2, "fields": {"created": "2017-06-30T07:22:42.904Z", "student": 2}}, {"model": "attendence.subject", "pk": 1, "fields": {"subject_name": "Applied Mathematics - IV", "abbr": "AM-IV", "sub_type": 1}}, {"model": "attendence.subject", "pk": 2, "fields": {"subject_name": "Computer Graphics", "abbr": "CG", "sub_type": 1}}, {"model": "attendence.subject", "pk": 3, "fields": {"subject_name": "Theoratical Computer Science", "abbr": "TCS", "sub_type": 2}}, {"model": "attendence.subject", "pk": 4, "fields": {"subject_name": "Analysis of Algorithms", "abbr": "AOA", "sub_type": 1}}, {"model": "attendence.subject", "pk": 5, "fields": {"subject_name": "Database Management", "abbr": "DBMS", "sub_type": 1}}, {"model": "attendence.subject", "pk": 6, "fields": {"subject_name": "Computer Organizarion And Architecture", "abbr": "COA", "sub_type": 1}}, {"model": "attendence.subjectstudent", "pk": 7, "fields": {"subject": 1, "attendance": 1}}, {"model": "attendence.subjectstudent", "pk": 8, "fields": {"subject": 2, "attendance": 1}}, {"model": "attendence.subjectstudent", "pk": 9, "fields": {"subject": 3, "attendance": 1}}, {"model": "attendence.subjectstudent", "pk": 10, "fields": {"subject": 5, "attendance": 1}}, {"model": "attendence.subjectstudent", "pk": 12, "fields": {"subject": 6, "attendance": 1}}, {"model": "attendence.subjectstudent", "pk": 14, "fields": {"subject": 4, "attendance": 1}}, {"model": "attendence.subjectstudent", "pk": 15, "fields": {"subject": 1, "attendance": 2}}, {"model": "attendence.subjectstudent", "pk": 16, "fields": {"subject": 2, "attendance": 2}}, {"model": "attendence.subjectstudent", "pk": 17, "fields": {"subject": 3, "attendance": 2}}, {"model": "attendence.subjectstudent", "pk": 18, "fields": {"subject": 4, "attendance": 2}}, {"model": "attendence.subjectstudent", "pk": 19, "fields": {"subject": 5, "attendance": 2}}, {"model": "attendence.subjectstudent", "pk": 20, "fields": {"subject": 6, "attendance": 2}}, {"model": "attendence.theory", "pk": 7, "fields": {"subject_student": 7, "actual": 12, "total": 16}}, {"model": "attendence.theory", "pk": 8, "fields": {"subject_student": 8, "actual": 12, "total": 16}}, {"model": "attendence.theory", "pk": 9, "fields": {"subject_student": 9, "actual": 12, "total": 16}}, {"model": "attendence.theory", "pk": 10, "fields": {"subject_student": 10, "actual": 12, "total": 16}}, {"model": "attendence.theory", "pk": 12, "fields": {"subject_student": 12, "actual": 12, "total": 16}}, {"model": "attendence.theory", "pk": 13, "fields": {"subject_student": 14, "actual": 12, "total": 16}}, {"model": "attendence.theory", "pk": 14, "fields": {"subject_student": 15, "actual": 12, "total": 16}}, {"model": "attendence.theory", "pk": 15, "fields": {"subject_student": 16, "actual": 5, "total": 16}}, {"model": "attendence.theory", "pk": 16, "fields": {"subject_student": 17, "actual": 12, "total": 16}}, {"model": "attendence.theory", "pk": 17, "fields": {"subject_student": 18, "actual": 12, "total": 16}}, {"model": "attendence.theory", "pk": 18, "fields": {"subject_student": 19, "actual": 12, "total": 16}}, {"model": "attendence.theory", "pk": 19, "fields": {"subject_student": 20, "actual": 12, "total": 16}}, {"model": "attendence.practical", "pk": 6, "fields": {"subject_student": 7, "actual": 12, "total": 16}}, {"model": "attendence.practical", "pk": 7, "fields": {"subject_student": 8, "actual": 12, "total": 16}}, {"model": "attendence.practical", "pk": 9, "fields": {"subject_student": 10, "actual": 12, "total": 16}}, {"model": "attendence.practical", "pk": 10, "fields": {"subject_student": 12, "actual": 12, "total": 16}}, {"model": "attendence.practical", "pk": 11, "fields": {"subject_student": 9, "actual": 0, "total": 0}}, {"model": "attendence.practical", "pk": 12, "fields": {"subject_student": 14, "actual": 12, "total": 16}}, {"model": "attendence.practical", "pk": 13, "fields": {"subject_student": 15, "actual": 12, "total": 16}}, {"model": "attendence.practical", "pk": 14, "fields": {"subject_student": 16, "actual": 12, "total": 16}}, {"model": "attendence.practical", "pk": 15, "fields": {"subject_student": 17, "actual": 0, "total": 0}}, {"model": "attendence.practical", "pk": 16, "fields": {"subject_student": 18, "actual": 12, "total": 16}}, {"model": "attendence.practical", "pk": 17, "fields": {"subject_student": 19, "actual": 12, "total": 16}}, {"model": "attendence.practical", "pk": 18, "fields": {"subject_student": 20, "actual": 12, "total": 16}}, {"model": "attendence.subjectholder", "pk": 1, "fields": {"created": "2017-06-16T13:32:52.276Z", "branch": 1, "semester": 4, "subject": 1}}, {"model": "attendence.subjectholder", "pk": 2, "fields": {"created": "2017-06-16T13:33:02.684Z", "branch": 1, "semester": 4, "subject": 2}}, {"model": "attendence.subjectholder", "pk": 3, "fields": {"created": "2017-06-16T13:33:17.312Z", "branch": 1, "semester": 4, "subject": 3}}, {"model": "attendence.subjectholder", "pk": 4, "fields": {"created": "2017-06-16T13:33:27.840Z", "branch": 1, "semester": 4, "subject": 4}}, {"model": "attendence.subjectholder", "pk": 5, "fields": {"created": "2017-06-16T13:33:38.833Z", "branch": 1, "semester": 4, "subject": 5}}, {"model": "attendence.subjectholder", "pk": 7, "fields": {"created": "2017-06-16T13:34:09.334Z", "branch": 1, "semester": 4, "subject": 6}}, {"model": "auth.permission", "pk": 1, "fields": {"name": "Can add log entry", "content_type": 1, "codename": "add_logentry"}}, {"model": "auth.permission", "pk": 2, "fields": {"name": "Can change log entry", "content_type": 1, "codename": "change_logentry"}}, {"model": "auth.permission", "pk": 3, "fields": {"name": "Can delete log entry", "content_type": 1, "codename": "delete_logentry"}}, {"model": "auth.permission", "pk": 4, "fields": {"name": "Can add permission", "content_type": 2, "codename": "add_permission"}}, {"model": "auth.permission", "pk": 5, "fields": {"name": "Can change permission", "content_type": 2, "codename": "change_permission"}}, {"model": "auth.permission", "pk": 6, "fields": {"name": "Can delete permission", "content_type": 2, "codename": "delete_permission"}}, {"model": "auth.permission", "pk": 7, "fields": {"name": "Can add group", "content_type": 3, "codename": "add_group"}}, {"model": "auth.permission", "pk": 8, "fields": {"name": "Can change group", "content_type": 3, "codename": "change_group"}}, {"model": "auth.permission", "pk": 9, "fields": {"name": "Can delete group", "content_type": 3, "codename": "delete_group"}}, {"model": "auth.permission", "pk": 10, "fields": {"name": "Can add user", "content_type": 4, "codename": "add_user"}}, {"model": "auth.permission", "pk": 11, "fields": {"name": "Can change user", "content_type": 4, "codename": "change_user"}}, {"model": "auth.permission", "pk": 12, "fields": {"name": "Can delete user", "content_type": 4, "codename": "delete_user"}}, {"model": "auth.permission", "pk": 13, "fields": {"name": "Can add content type", "content_type": 5, "codename": "add_contenttype"}}, {"model": "auth.permission", "pk": 14, "fields": {"name": "Can change content type", "content_type": 5, "codename": "change_contenttype"}}, {"model": "auth.permission", "pk": 15, "fields": {"name": "Can delete content type", "content_type": 5, "codename": "delete_contenttype"}}, {"model": "auth.permission", "pk": 16, "fields": {"name": "Can add session", "content_type": 6, "codename": "add_session"}}, {"model": "auth.permission", "pk": 17, "fields": {"name": "Can change session", "content_type": 6, "codename": "change_session"}}, {"model": "auth.permission", "pk": 18, "fields": {"name": "Can delete session", "content_type": 6, "codename": "delete_session"}}, {"model": "auth.permission", "pk": 19, "fields": {"name": "Can add student", "content_type": 7, "codename": "add_student"}}, {"model": "auth.permission", "pk": 20, "fields": {"name": "Can change student", "content_type": 7, "codename": "change_student"}}, {"model": "auth.permission", "pk": 21, "fields": {"name": "Can delete student", "content_type": 7, "codename": "delete_student"}}, {"model": "auth.permission", "pk": 22, "fields": {"name": "Can add attendance", "content_type": 8, "codename": "add_attendance"}}, {"model": "auth.permission", "pk": 23, "fields": {"name": "Can change attendance", "content_type": 8, "codename": "change_attendance"}}, {"model": "auth.permission", "pk": 24, "fields": {"name": "Can delete attendance", "content_type": 8, "codename": "delete_attendance"}}, {"model": "auth.permission", "pk": 25, "fields": {"name": "Can add subject", "content_type": 9, "codename": "add_subject"}}, {"model": "auth.permission", "pk": 26, "fields": {"name": "Can change subject", "content_type": 9, "codename": "change_subject"}}, {"model": "auth.permission", "pk": 27, "fields": {"name": "Can delete subject", "content_type": 9, "codename": "delete_subject"}}, {"model": "auth.permission", "pk": 28, "fields": {"name": "Can add subject student", "content_type": 10, "codename": "add_subjectstudent"}}, {"model": "auth.permission", "pk": 29, "fields": {"name": "Can change subject student", "content_type": 10, "codename": "change_subjectstudent"}}, {"model": "auth.permission", "pk": 30, "fields": {"name": "Can delete subject student", "content_type": 10, "codename": "delete_subjectstudent"}}, {"model": "auth.permission", "pk": 31, "fields": {"name": "Can add theory", "content_type": 11, "codename": "add_theory"}}, {"model": "auth.permission", "pk": 32, "fields": {"name": "Can change theory", "content_type": 11, "codename": "change_theory"}}, {"model": "auth.permission", "pk": 33, "fields": {"name": "Can delete theory", "content_type": 11, "codename": "delete_theory"}}, {"model": "auth.permission", "pk": 34, "fields": {"name": "Can add practical", "content_type": 12, "codename": "add_practical"}}, {"model": "auth.permission", "pk": 35, "fields": {"name": "Can change practical", "content_type": 12, "codename": "change_practical"}}, {"model": "auth.permission", "pk": 36, "fields": {"name": "Can delete practical", "content_type": 12, "codename": "delete_practical"}}, {"model": "auth.permission", "pk": 37, "fields": {"name": "Can add subject holder", "content_type": 13, "codename": "add_subjectholder"}}, {"model": "auth.permission", "pk": 38, "fields": {"name": "Can change subject holder", "content_type": 13, "codename": "change_subjectholder"}}, {"model": "auth.permission", "pk": 39, "fields": {"name": "Can delete subject holder", "content_type": 13, "codename": "delete_subjectholder"}}, {"model": "auth.user", "pk": 1, "fields": {"password": "pbkdf2_sha256$30000$Fc4U0iCiOOu7$tkCNwR66yBEC1TRNGMNzW7xyjlMgnb1spvyCVhAsS6o=", "last_login": "2017-06-29T10:06:28.437Z", "is_superuser": true, "username": "dylan", "first_name": "", "last_name": "", "email": "dsouzadyn@outlook.com", "is_staff": true, "is_active": true, "date_joined": "2017-06-16T13:29:56.492Z", "groups": [], "user_permissions": []}}, {"model": "auth.user", "pk": 2, "fields": {"password": "pbkdf2_sha256$30000$h8QrX7aOfHuF$ZTpEmAJv4EbGU0sQ3jhvS0dzOAF9L+TQ83o5SZMMEw8=", "last_login": null, "is_superuser": false, "username": "djoserx", "first_name": "", "last_name": "", "email": "djoser@example.com", "is_staff": false, "is_active": true, "date_joined": "2017-06-16T14:28:40.017Z", "groups": [], "user_permissions": []}}, {"model": "auth.user", "pk": 3, "fields": {"password": "pbkdf2_sha256$30000$nHlERIEt6muh$aQp85/jbr5r+YG77Q4Z58ZbM1aQIPolsztD2YSoX9oU=", "last_login": null, "is_superuser": false, "username": "dolan", "first_name": "", "last_name": "", "email": "dolan@dolan.com", "is_staff": false, "is_active": true, "date_joined": "2017-06-17T09:53:17.745Z", "groups": [], "user_permissions": []}}, {"model": "auth.user", "pk": 4, "fields": {"password": "pbkdf2_sha256$30000$IzMRj4Ya9yxw$C08LSLBbzP8n9z66lRfNKGI+LmORt+BM67wplDueq3k=", "last_login": null, "is_superuser": false, "username": "dolanx", "first_name": "", "last_name": "", "email": "dolanx@dolan.com", "is_staff": false, "is_active": true, "date_joined": "2017-06-17T09:54:03.343Z", "groups": [], "user_permissions": []}}, {"model": "auth.user", "pk": 5, "fields": {"password": "pbkdf2_sha256$30000$LI1z1iXJT2Ps$s2xkIz9+FCdXC3ILkqaaRqydSnVFFzP52TgQ1OxVFR0=", "last_login": null, "is_superuser": false, "username": "dolanxx", "first_name": "", "last_name": "", "email": "dolanxx@dolan.com", "is_staff": false, "is_active": true, "date_joined": "2017-06-17T09:55:20.450Z", "groups": [], "user_permissions": []}}, {"model": "admin.logentry", "pk": 1, "fields": {"action_time": "2017-06-16T13:30:40.354Z", "user": 1, "content_type": 9, "object_id": "1", "object_repr": "Applied Mathematics - IV", "action_flag": 1, "change_message": "[{\"added\": {}}]"}}, {"model": "admin.logentry", "pk": 2, "fields": {"action_time": "2017-06-16T13:30:57.364Z", "user": 1, "content_type": 9, "object_id": "2", "object_repr": "Computer Graphics", "action_flag": 1, "change_message": "[{\"added\": {}}]"}}, {"model": "admin.logentry", "pk": 3, "fields": {"action_time": "2017-06-16T13:31:06.398Z", "user": 1, "content_type": 9, "object_id": "3", "object_repr": "Theoratical Computer Science", "action_flag": 1, "change_message": "[{\"added\": {}}]"}}, {"model": "admin.logentry", "pk": 4, "fields": {"action_time": "2017-06-16T13:31:42.591Z", "user": 1, "content_type": 9, "object_id": "4", "object_repr": "Analysis of Algorithms", "action_flag": 1, "change_message": "[{\"added\": {}}]"}}, {"model": "admin.logentry", "pk": 5, "fields": {"action_time": "2017-06-16T13:31:55.601Z", "user": 1, "content_type": 9, "object_id": "5", "object_repr": "Database Management", "action_flag": 1, "change_message": "[{\"added\": {}}]"}}, {"model": "admin.logentry", "pk": 6, "fields": {"action_time": "2017-06-16T13:32:09.965Z", "user": 1, "content_type": 9, "object_id": "6", "object_repr": "Computer Organizarion And Architecture", "action_flag": 1, "change_message": "[{\"added\": {}}]"}}, {"model": "admin.logentry", "pk": 7, "fields": {"action_time": "2017-06-16T13:32:34.884Z", "user": 1, "content_type": 7, "object_id": "1", "object_repr": "101509", "action_flag": 1, "change_message": "[{\"added\": {}}]"}}, {"model": "admin.logentry", "pk": 8, "fields": {"action_time": "2017-06-16T13:32:52.277Z", "user": 1, "content_type": 13, "object_id": "1", "object_repr": "Applied Mathematics - IV", "action_flag": 1, "change_message": "[{\"added\": {}}]"}}, {"model": "admin.logentry", "pk": 9, "fields": {"action_time": "2017-06-16T13:33:02.685Z", "user": 1, "content_type": 13, "object_id": "2", "object_repr": "Computer Graphics", "action_flag": 1, "change_message": "[{\"added\": {}}]"}}, {"model": "admin.logentry", "pk": 10, "fields": {"action_time": "2017-06-16T13:33:17.314Z", "user": 1, "content_type": 13, "object_id": "3", "object_repr": "Theoratical Computer Science", "action_flag": 1, "change_message": "[{\"added\": {}}]"}}, {"model": "admin.logentry", "pk": 11, "fields": {"action_time": "2017-06-16T13:33:27.841Z", "user": 1, "content_type": 13, "object_id": "4", "object_repr": "Analysis of Algorithms", "action_flag": 1, "change_message": "[{\"added\": {}}]"}}, {"model": "admin.logentry", "pk": 12, "fields": {"action_time": "2017-06-16T13:33:38.834Z", "user": 1, "content_type": 13, "object_id": "5", "object_repr": "Database Management", "action_flag": 1, "change_message": "[{\"added\": {}}]"}}, {"model": "admin.logentry", "pk": 13, "fields": {"action_time": "2017-06-16T13:33:50.405Z", "user": 1, "content_type": 13, "object_id": "6", "object_repr": "Database Management", "action_flag": 1, "change_message": "[{\"added\": {}}]"}}, {"model": "admin.logentry", "pk": 14, "fields": {"action_time": "2017-06-16T13:33:59.708Z", "user": 1, "content_type": 13, "object_id": "6", "object_repr": "Database Management", "action_flag": 3, "change_message": ""}}, {"model": "admin.logentry", "pk": 15, "fields": {"action_time": "2017-06-16T13:34:09.335Z", "user": 1, "content_type": 13, "object_id": "7", "object_repr": "Computer Organizarion And Architecture", "action_flag": 1, "change_message": "[{\"added\": {}}]"}}, {"model": "admin.logentry", "pk": 16, "fields": {"action_time": "2017-06-16T13:42:14.438Z", "user": 1, "content_type": 8, "object_id": "1", "object_repr": "101509", "action_flag": 1, "change_message": "[{\"added\": {}}]"}}, {"model": "admin.logentry", "pk": 17, "fields": {"action_time": "2017-06-16T13:43:09.574Z", "user": 1, "content_type": 10, "object_id": "1", "object_repr": "101509", "action_flag": 1, "change_message": "[{\"added\": {}}]"}}, {"model": "admin.logentry", "pk": 18, "fields": {"action_time": "2017-06-16T13:54:26.534Z", "user": 1, "content_type": 11, "object_id": "1", "object_repr": "101509 Applied Mathematics - IV", "action_flag": 1, "change_message": "[{\"added\": {}}]"}}, {"model": "admin.logentry", "pk": 19, "fields": {"action_time": "2017-06-16T13:54:51.713Z", "user": 1, "content_type": 12, "object_id": "1", "object_repr": "101509 Applied Mathematics - IV", "action_flag": 1, "change_message": "[{\"added\": {}}]"}}, {"model": "admin.logentry", "pk": 20, "fields": {"action_time": "2017-06-16T13:55:35.572Z", "user": 1, "content_type": 10, "object_id": "2", "object_repr": "101509 Computer Graphics", "action_flag": 1, "change_message": "[{\"added\": {}}]"}}, {"model": "admin.logentry", "pk": 21, "fields": {"action_time": "2017-06-16T13:56:54.890Z", "user": 1, "content_type": 11, "object_id": "2", "object_repr": "101509 Computer Graphics", "action_flag": 1, "change_message": "[{\"added\": {}}]"}}, {"model": "admin.logentry", "pk": 22, "fields": {"action_time": "2017-06-16T13:57:11.595Z", "user": 1, "content_type": 12, "object_id": "2", "object_repr": "101509 Computer Graphics", "action_flag": 1, "change_message": "[{\"added\": {}}]"}}, {"model": "admin.logentry", "pk": 23, "fields": {"action_time": "2017-06-16T14:05:43.809Z", "user": 1, "content_type": 10, "object_id": "3", "object_repr": "101509 Theoratical Computer Science", "action_flag": 1, "change_message": "[{\"added\": {}}]"}}, {"model": "admin.logentry", "pk": 24, "fields": {"action_time": "2017-06-16T14:06:07.191Z", "user": 1, "content_type": 11, "object_id": "3", "object_repr": "101509 Theoratical Computer Science", "action_flag": 1, "change_message": "[{\"added\": {}}]"}}, {"model": "admin.logentry", "pk": 25, "fields": {"action_time": "2017-06-16T14:07:12.275Z", "user": 1, "content_type": 10, "object_id": "4", "object_repr": "101509 Analysis of Algorithms", "action_flag": 1, "change_message": "[{\"added\": {}}]"}}, {"model": "admin.logentry", "pk": 26, "fields": {"action_time": "2017-06-16T14:07:27.688Z", "user": 1, "content_type": 11, "object_id": "4", "object_repr": "101509 Analysis of Algorithms", "action_flag": 1, "change_message": "[{\"added\": {}}]"}}, {"model": "admin.logentry", "pk": 27, "fields": {"action_time": "2017-06-16T14:07:45.885Z", "user": 1, "content_type": 12, "object_id": "3", "object_repr": "101509 Analysis of Algorithms", "action_flag": 1, "change_message": "[{\"added\": {}}]"}}, {"model": "admin.logentry", "pk": 28, "fields": {"action_time": "2017-06-16T14:08:04.193Z", "user": 1, "content_type": 10, "object_id": "5", "object_repr": "101509 Database Management", "action_flag": 1, "change_message": "[{\"added\": {}}]"}}, {"model": "admin.logentry", "pk": 29, "fields": {"action_time": "2017-06-16T14:09:19.034Z", "user": 1, "content_type": 12, "object_id": "4", "object_repr": "101509 Database Management", "action_flag": 1, "change_message": "[{\"added\": {}}]"}}, {"model": "admin.logentry", "pk": 30, "fields": {"action_time": "2017-06-16T14:09:39.521Z", "user": 1, "content_type": 11, "object_id": "5", "object_repr": "101509 Database Management", "action_flag": 1, "change_message": "[{\"added\": {}}]"}}, {"model": "admin.logentry", "pk": 31, "fields": {"action_time": "2017-06-16T14:09:55.022Z", "user": 1, "content_type": 10, "object_id": "6", "object_repr": "101509 Computer Organizarion And Architecture", "action_flag": 1, "change_message": "[{\"added\": {}}]"}}, {"model": "admin.logentry", "pk": 32, "fields": {"action_time": "2017-06-16T14:10:18.587Z", "user": 1, "content_type": 11, "object_id": "6", "object_repr": "101509 Computer Organizarion And Architecture", "action_flag": 1, "change_message": "[{\"added\": {}}]"}}, {"model": "admin.logentry", "pk": 33, "fields": {"action_time": "2017-06-16T14:10:33.536Z", "user": 1, "content_type": 12, "object_id": "5", "object_repr": "101509 Computer Organizarion And Architecture", "action_flag": 1, "change_message": "[{\"added\": {}}]"}}, {"model": "admin.logentry", "pk": 34, "fields": {"action_time": "2017-06-16T14:40:21.031Z", "user": 1, "content_type": 10, "object_id": "6", "object_repr": "101509 Computer Organizarion And Architecture", "action_flag": 3, "change_message": ""}}, {"model": "admin.logentry", "pk": 35, "fields": {"action_time": "2017-06-16T14:40:21.165Z", "user": 1, "content_type": 10, "object_id": "5", "object_repr": "101509 Database Management", "action_flag": 3, "change_message": ""}}, {"model": "admin.logentry", "pk": 36, "fields": {"action_time": "2017-06-16T14:40:21.323Z", "user": 1, "content_type": 10, "object_id": "4", "object_repr": "101509 Analysis of Algorithms", "action_flag": 3, "change_message": ""}}, {"model": "admin.logentry", "pk": 37, "fields": {"action_time": "2017-06-16T14:40:21.493Z", "user": 1, "content_type": 10, "object_id": "3", "object_repr": "101509 Theoratical Computer Science", "action_flag": 3, "change_message": ""}}, {"model": "admin.logentry", "pk": 38, "fields": {"action_time": "2017-06-16T14:40:21.666Z", "user": 1, "content_type": 10, "object_id": "2", "object_repr": "101509 Computer Graphics", "action_flag": 3, "change_message": ""}}, {"model": "admin.logentry", "pk": 39, "fields": {"action_time": "2017-06-16T14:40:21.821Z", "user": 1, "content_type": 10, "object_id": "1", "object_repr": "101509 Applied Mathematics - IV", "action_flag": 3, "change_message": ""}}, {"model": "admin.logentry", "pk": 40, "fields": {"action_time": "2017-06-16T14:41:54.085Z", "user": 1, "content_type": 10, "object_id": "7", "object_repr": "101509 Applied Mathematics - IV", "action_flag": 1, "change_message": "[{\"added\": {}}]"}}, {"model": "admin.logentry", "pk": 41, "fields": {"action_time": "2017-06-16T14:42:09.235Z", "user": 1, "content_type": 11, "object_id": "7", "object_repr": "101509 Applied Mathematics - IV", "action_flag": 1, "change_message": "[{\"added\": {}}]"}}, {"model": "admin.logentry", "pk": 42, "fields": {"action_time": "2017-06-16T14:42:21.331Z", "user": 1, "content_type": 12, "object_id": "6", "object_repr": "101509 Applied Mathematics - IV", "action_flag": 1, "change_message": "[{\"added\": {}}]"}}, {"model": "admin.logentry", "pk": 43, "fields": {"action_time": "2017-06-16T14:58:50.697Z", "user": 1, "content_type": 10, "object_id": "8", "object_repr": "101509 Computer Graphics", "action_flag": 1, "change_message": "[{\"added\": {}}]"}}, {"model": "admin.logentry", "pk": 44, "fields": {"action_time": "2017-06-16T14:59:02.305Z", "user": 1, "content_type": 11, "object_id": "8", "object_repr": "101509 Computer Graphics", "action_flag": 1, "change_message": "[{\"added\": {}}]"}}, {"model": "admin.logentry", "pk": 45, "fields": {"action_time": "2017-06-16T14:59:13.187Z", "user": 1, "content_type": 12, "object_id": "7", "object_repr": "101509 Computer Graphics", "action_flag": 1, "change_message": "[{\"added\": {}}]"}}, {"model": "admin.logentry", "pk": 46, "fields": {"action_time": "2017-06-29T10:07:46.606Z", "user": 1, "content_type": 10, "object_id": "9", "object_repr": "101509 Theoratical Computer Science", "action_flag": 1, "change_message": "[{\"added\": {}}]"}}, {"model": "admin.logentry", "pk": 47, "fields": {"action_time": "2017-06-29T10:08:06.064Z", "user": 1, "content_type": 11, "object_id": "9", "object_repr": "101509 Theoratical Computer Science", "action_flag": 1, "change_message": "[{\"added\": {}}]"}}, {"model": "admin.logentry", "pk": 48, "fields": {"action_time": "2017-06-29T10:08:36.088Z", "user": 1, "content_type": 10, "object_id": "10", "object_repr": "101509 Database Management", "action_flag": 1, "change_message": "[{\"added\": {}}]"}}, {"model": "admin.logentry", "pk": 49, "fields": {"action_time": "2017-06-29T10:08:41.867Z", "user": 1, "content_type": 11, "object_id": "10", "object_repr": "101509 Database Management", "action_flag": 1, "change_message": "[{\"added\": {}}]"}}, {"model": "admin.logentry", "pk": 50, "fields": {"action_time": "2017-06-29T10:08:57.336Z", "user": 1, "content_type": 10, "object_id": "11", "object_repr": "101509 Analysis of Algorithms", "action_flag": 1, "change_message": "[{\"added\": {}}]"}}, {"model": "admin.logentry", "pk": 51, "fields": {"action_time": "2017-06-29T10:09:03.933Z", "user": 1, "content_type": 11, "object_id": "11", "object_repr": "101509 Analysis of Algorithms", "action_flag": 1, "change_message": "[{\"added\": {}}]"}}, {"model": "admin.logentry", "pk": 52, "fields": {"action_time": "2017-06-29T10:09:57.178Z", "user": 1, "content_type": 10, "object_id": "12", "object_repr": "101509 Computer Organizarion And Architecture", "action_flag": 1, "change_message": "[{\"added\": {}}]"}}, {"model": "admin.logentry", "pk": 53, "fields": {"action_time": "2017-06-29T10:10:04.346Z", "user": 1, "content_type": 11, "object_id": "12", "object_repr": "101509 Computer Organizarion And Architecture", "action_flag": 1, "change_message": "[{\"added\": {}}]"}}, {"model": "admin.logentry", "pk": 54, "fields": {"action_time": "2017-06-29T10:10:33.705Z", "user": 1, "content_type": 10, "object_id": "13", "object_repr": "101509 Analysis of Algorithms", "action_flag": 1, "change_message": "[{\"added\": {}}]"}}, {"model": "admin.logentry", "pk": 55, "fields": {"action_time": "2017-06-29T10:10:38.810Z", "user": 1, "content_type": 12, "object_id": "8", "object_repr": "101509 Analysis of Algorithms", "action_flag": 1, "change_message": "[{\"added\": {}}]"}}, {"model": "admin.logentry", "pk": 56, "fields": {"action_time": "2017-06-29T10:12:45.059Z", "user": 1, "content_type": 12, "object_id": "9", "object_repr": "101509 Database Management", "action_flag": 1, "change_message": "[{\"added\": {}}]"}}, {"model": "admin.logentry", "pk": 57, "fields": {"action_time": "2017-06-29T10:13:02.625Z", "user": 1, "content_type": 12, "object_id": "10", "object_repr": "101509 Computer Organizarion And Architecture", "action_flag": 1, "change_message": "[{\"added\": {}}]"}}, {"model": "admin.logentry", "pk": 58, "fields": {"action_time": "2017-06-29T10:19:11.684Z", "user": 1, "content_type": 12, "object_id": "11", "object_repr": "101509 Theoratical Computer Science", "action_flag": 1, "change_message": "[{\"added\": {}}]"}}, {"model": "admin.logentry", "pk": 59, "fields": {"action_time": "2017-06-29T10:24:51.371Z", "user": 1, "content_type": 12, "object_id": "8", "object_repr": "101509 Analysis of Algorithms", "action_flag": 3, "change_message": ""}}, {"model": "admin.logentry", "pk": 60, "fields": {"action_time": "2017-06-29T10:25:06.425Z", "user": 1, "content_type": 11, "object_id": "11", "object_repr": "101509 Analysis of Algorithms", "action_flag": 3, "change_message": ""}}, {"model": "admin.logentry", "pk": 61, "fields": {"action_time": "2017-06-29T10:34:44.622Z", "user": 1, "content_type": 10, "object_id": "13", "object_repr": "101509 Analysis of Algorithms", "action_flag": 3, "change_message": ""}}, {"model": "admin.logentry", "pk": 62, "fields": {"action_time": "2017-06-29T10:34:44.742Z", "user": 1, "content_type": 10, "object_id": "11", "object_repr": "101509 Analysis of Algorithms", "action_flag": 3, "change_message": ""}}, {"model": "admin.logentry", "pk": 63, "fields": {"action_time": "2017-06-29T10:34:55.002Z", "user": 1, "content_type": 10, "object_id": "14", "object_repr": "101509 Analysis of Algorithms", "action_flag": 1, "change_message": "[{\"added\": {}}]"}}, {"model": "admin.logentry", "pk": 64, "fields": {"action_time": "2017-06-29T10:35:59.241Z", "user": 1, "content_type": 12, "object_id": "12", "object_repr": "101509 Analysis of Algorithms", "action_flag": 1, "change_message": "[{\"added\": {}}]"}}, {"model": "admin.logentry", "pk": 65, "fields": {"action_time": "2017-06-29T10:36:15.503Z", "user": 1, "content_type": 11, "object_id": "13", "object_repr": "101509 Analysis of Algorithms", "action_flag": 1, "change_message": "[{\"added\": {}}]"}}, {"model": "admin.logentry", "pk": 66, "fields": {"action_time": "2017-06-30T07:22:40.336Z", "user": 1, "content_type": 7, "object_id": "2", "object_repr": "101510", "action_flag": 1, "change_message": "[{\"added\": {}}]"}}, {"model": "admin.logentry", "pk": 67, "fields": {"action_time": "2017-06-30T07:22:42.904Z", "user": 1, "content_type": 8, "object_id": "2", "object_repr": "101510", "action_flag": 1, "change_message": "[{\"added\": {}}]"}}, {"model": "admin.logentry", "pk": 68, "fields": {"action_time": "2017-06-30T07:23:08.311Z", "user": 1, "content_type": 10, "object_id": "15", "object_repr": "101510 Applied Mathematics - IV", "action_flag": 1, "change_message": "[{\"added\": {}}]"}}, {"model": "admin.logentry", "pk": 69, "fields": {"action_time": "2017-06-30T07:24:08.423Z", "user": 1, "content_type": 11, "object_id": "14", "object_repr": "101510 Applied Mathematics - IV", "action_flag": 1, "change_message": "[{\"added\": {}}]"}}, {"model": "admin.logentry", "pk": 70, "fields": {"action_time": "2017-06-30T07:24:29.373Z", "user": 1, "content_type": 10, "object_id": "16", "object_repr": "101510 Computer Graphics", "action_flag": 1, "change_message": "[{\"added\": {}}]"}}, {"model": "admin.logentry", "pk": 71, "fields": {"action_time": "2017-06-30T07:24:34.748Z", "user": 1, "content_type": 11, "object_id": "15", "object_repr": "101510 Computer Graphics", "action_flag": 1, "change_message": "[{\"added\": {}}]"}}, {"model": "admin.logentry", "pk": 72, "fields": {"action_time": "2017-06-30T07:24:56.714Z", "user": 1, "content_type": 10, "object_id": "17", "object_repr": "101510 Theoratical Computer Science", "action_flag": 1, "change_message": "[{\"added\": {}}]"}}, {"model": "admin.logentry", "pk": 73, "fields": {"action_time": "2017-06-30T07:25:03.259Z", "user": 1, "content_type": 11, "object_id": "16", "object_repr": "101510 Theoratical Computer Science", "action_flag": 1, "change_message": "[{\"added\": {}}]"}}, {"model": "admin.logentry", "pk": 74, "fields": {"action_time": "2017-06-30T07:25:39.504Z", "user": 1, "content_type": 10, "object_id": "18", "object_repr": "101510 Analysis of Algorithms", "action_flag": 1, "change_message": "[{\"added\": {}}]"}}, {"model": "admin.logentry", "pk": 75, "fields": {"action_time": "2017-06-30T07:25:46.124Z", "user": 1, "content_type": 11, "object_id": "17", "object_repr": "101510 Analysis of Algorithms", "action_flag": 1, "change_message": "[{\"added\": {}}]"}}, {"model": "admin.logentry", "pk": 76, "fields": {"action_time": "2017-06-30T07:26:04.278Z", "user": 1, "content_type": 10, "object_id": "19", "object_repr": "101510 Database Management", "action_flag": 1, "change_message": "[{\"added\": {}}]"}}, {"model": "admin.logentry", "pk": 77, "fields": {"action_time": "2017-06-30T07:26:11.714Z", "user": 1, "content_type": 11, "object_id": "18", "object_repr": "101510 Database Management", "action_flag": 1, "change_message": "[{\"added\": {}}]"}}, {"model": "admin.logentry", "pk": 78, "fields": {"action_time": "2017-06-30T07:26:31.234Z", "user": 1, "content_type": 10, "object_id": "20", "object_repr": "101510 Computer Organizarion And Architecture", "action_flag": 1, "change_message": "[{\"added\": {}}]"}}, {"model": "admin.logentry", "pk": 79, "fields": {"action_time": "2017-06-30T07:26:37.240Z", "user": 1, "content_type": 11, "object_id": "19", "object_repr": "101510 Computer Organizarion And Architecture", "action_flag": 1, "change_message": "[{\"added\": {}}]"}}, {"model": "admin.logentry", "pk": 80, "fields": {"action_time": "2017-06-30T07:27:10.178Z", "user": 1, "content_type": 12, "object_id": "13", "object_repr": "101510 Applied Mathematics - IV", "action_flag": 1, "change_message": "[{\"added\": {}}]"}}, {"model": "admin.logentry", "pk": 81, "fields": {"action_time": "2017-06-30T07:27:36.469Z", "user": 1, "content_type": 12, "object_id": "14", "object_repr": "101510 Computer Graphics", "action_flag": 1, "change_message": "[{\"added\": {}}]"}}, {"model": "admin.logentry", "pk": 82, "fields": {"action_time": "2017-06-30T07:27:50.288Z", "user": 1, "content_type": 12, "object_id": "15", "object_repr": "101510 Theoratical Computer Science", "action_flag": 1, "change_message": "[{\"added\": {}}]"}}, {"model": "admin.logentry", "pk": 83, "fields": {"action_time": "2017-06-30T07:28:16.165Z", "user": 1, "content_type": 12, "object_id": "15", "object_repr": "101510 Theoratical Computer Science", "action_flag": 2, "change_message": "[{\"changed\": {\"fields\": [\"actual\", \"total\"]}}]"}}, {"model": "admin.logentry", "pk": 84, "fields": {"action_time": "2017-06-30T07:28:33.808Z", "user": 1, "content_type": 12, "object_id": "16", "object_repr": "101510 Analysis of Algorithms", "action_flag": 1, "change_message": "[{\"added\": {}}]"}}, {"model": "admin.logentry", "pk": 85, "fields": {"action_time": "2017-06-30T07:28:42.362Z", "user": 1, "content_type": 12, "object_id": "17", "object_repr": "101510 Database Management", "action_flag": 1, "change_message": "[{\"added\": {}}]"}}, {"model": "admin.logentry", "pk": 86, "fields": {"action_time": "2017-06-30T07:28:55.910Z", "user": 1, "content_type": 12, "object_id": "18", "object_repr": "101510 Computer Organizarion And Architecture", "action_flag": 1, "change_message": "[{\"added\": {}}]"}}, {"model": "admin.logentry", "pk": 87, "fields": {"action_time": "2017-07-04T12:16:52.584Z", "user": 1, "content_type": 11, "object_id": "19", "object_repr": "101510 Computer Organizarion And Architecture", "action_flag": 2, "change_message": "[{\"changed\": {\"fields\": [\"total\"]}}]"}}, {"model": "admin.logentry", "pk": 88, "fields": {"action_time": "2017-07-04T12:16:59.794Z", "user": 1, "content_type": 11, "object_id": "18", "object_repr": "101510 Database Management", "action_flag": 2, "change_message": "[{\"changed\": {\"fields\": [\"total\"]}}]"}}, {"model": "admin.logentry", "pk": 89, "fields": {"action_time": "2017-07-04T12:17:04.597Z", "user": 1, "content_type": 11, "object_id": "17", "object_repr": "101510 Analysis of Algorithms", "action_flag": 2, "change_message": "[]"}}, {"model": "admin.logentry", "pk": 90, "fields": {"action_time": "2017-07-04T12:17:12.912Z", "user": 1, "content_type": 11, "object_id": "16", "object_repr": "101510 Theoratical Computer Science", "action_flag": 2, "change_message": "[{\"changed\": {\"fields\": [\"total\"]}}]"}}, {"model": "admin.logentry", "pk": 91, "fields": {"action_time": "2017-07-04T12:17:22.412Z", "user": 1, "content_type": 11, "object_id": "15", "object_repr": "101510 Computer Graphics", "action_flag": 2, "change_message": "[{\"changed\": {\"fields\": [\"total\"]}}]"}}, {"model": "admin.logentry", "pk": 92, "fields": {"action_time": "2017-07-04T12:17:29.317Z", "user": 1, "content_type": 11, "object_id": "14", "object_repr": "101510 Applied Mathematics - IV", "action_flag": 2, "change_message": "[{\"changed\": {\"fields\": [\"total\"]}}]"}}, {"model": "admin.logentry", "pk": 93, "fields": {"action_time": "2017-07-04T12:17:42.100Z", "user": 1, "content_type": 11, "object_id": "14", "object_repr": "101510 Applied Mathematics - IV", "action_flag": 2, "change_message": "[]"}}, {"model": "admin.logentry", "pk": 94, "fields": {"action_time": "2017-07-04T12:18:30.165Z", "user": 1, "content_type": 12, "object_id": "18", "object_repr": "101510 Computer Organizarion And Architecture", "action_flag": 2, "change_message": "[{\"changed\": {\"fields\": [\"total\"]}}]"}}, {"model": "admin.logentry", "pk": 95, "fields": {"action_time": "2017-07-04T12:18:36.682Z", "user": 1, "content_type": 12, "object_id": "17", "object_repr": "101510 Database Management", "action_flag": 2, "change_message": "[]"}}, {"model": "admin.logentry", "pk": 96, "fields": {"action_time": "2017-07-04T12:18:43.182Z", "user": 1, "content_type": 12, "object_id": "13", "object_repr": "101510 Applied Mathematics - IV", "action_flag": 2, "change_message": "[{\"changed\": {\"fields\": [\"total\"]}}]"}}, {"model": "admin.logentry", "pk": 97, "fields": {"action_time": "2017-07-04T12:19:02.584Z", "user": 1, "content_type": 12, "object_id": "14", "object_repr": "101510 Computer Graphics", "action_flag": 2, "change_message": "[{\"changed\": {\"fields\": [\"total\"]}}]"}}]