[{"model": "contenttypes.contenttype", "pk": 1, "fields": {"app_label": "admin", "model": "logentry"}}, {"model": "contenttypes.contenttype", "pk": 2, "fields": {"app_label": "auth", "model": "permission"}}, {"model": "contenttypes.contenttype", "pk": 3, "fields": {"app_label": "auth", "model": "group"}}, {"model": "contenttypes.contenttype", "pk": 4, "fields": {"app_label": "auth", "model": "user"}}, {"model": "contenttypes.contenttype", "pk": 5, "fields": {"app_label": "contenttypes", "model": "contenttype"}}, {"model": "contenttypes.contenttype", "pk": 6, "fields": {"app_label": "sessions", "model": "session"}}, {"model": "contenttypes.contenttype", "pk": 7, "fields": {"app_label": "attendence", "model": "student"}}, {"model": "contenttypes.contenttype", "pk": 8, "fields": {"app_label": "attendence", "model": "attendance"}}, {"model": "contenttypes.contenttype", "pk": 9, "fields": {"app_label": "attendence", "model": "subject"}}, {"model": "contenttypes.contenttype", "pk": 10, "fields": {"app_label": "attendence", "model": "subjectstudent"}}, {"model": "contenttypes.contenttype", "pk": 11, "fields": {"app_label": "attendence", "model": "theory"}}, {"model": "contenttypes.contenttype", "pk": 12, "fields": {"app_label": "attendence", "model": "practical"}}, {"model": "contenttypes.contenttype", "pk": 13, "fields": {"app_label": "attendence", "model": "subjectholder"}}, {"model": "sessions.session", "pk": "avo7gowpi3n0h8mzczwy20xcudierrko", "fields": {"session_data": "ODM1NWFlM2E2NGZiNDJkMmIxYWVmODM0MTU3NjFiMzJlMjZkODNkNDp7Il9hdXRoX3VzZXJfaWQiOiI2IiwiX2F1dGhfdXNlcl9iYWNrZW5kIjoiZGphbmdvLmNvbnRyaWIuYXV0aC5iYWNrZW5kcy5Nb2RlbEJhY2tlbmQiLCJfYXV0aF91c2VyX2hhc2giOiJiMWIyMWM1ZGE5MTE2MTM1Mzc4Y2QzMWY1YjhjZGIwNmUwOTY5MWQ2In0=", "expire_date": "2017-07-20T10:39:44.433Z"}}, {"model": "sessions.session", "pk": "i3pptjm4pfcnglrfatfjuatjbjqjsnjn", "fields": {"session_data": "YzU5MDdkNWU3MzIwNmNjN2ZkMjg0MWY3ODYxZjJhZjA1ZGVhOWQzNDp7Il9hdXRoX3VzZXJfaWQiOiIxIiwiX2F1dGhfdXNlcl9iYWNrZW5kIjoiZGphbmdvLmNvbnRyaWIuYXV0aC5iYWNrZW5kcy5Nb2RlbEJhY2tlbmQiLCJfYXV0aF91c2VyX2hhc2giOiJhYTQ1M2EwMWEyM2Y0ZDBiNTgxOGZjYmQ2ZmNiNWYyYmI2ZGQ5MmU4In0=", "expire_date": "2017-07-20T10:39:53.081Z"}}, {"model": "sessions.session", "pk": "mhaicr8zivofkmoaodi8d7kjxml5lxku", "fields": {"session_data": "YzU5MDdkNWU3MzIwNmNjN2ZkMjg0MWY3ODYxZjJhZjA1ZGVhOWQzNDp7Il9hdXRoX3VzZXJfaWQiOiIxIiwiX2F1dGhfdXNlcl9iYWNrZW5kIjoiZGphbmdvLmNvbnRyaWIuYXV0aC5iYWNrZW5kcy5Nb2RlbEJhY2tlbmQiLCJfYXV0aF91c2VyX2hhc2giOiJhYTQ1M2EwMWEyM2Y0ZDBiNTgxOGZjYmQ2ZmNiNWYyYmI2ZGQ5MmU4In0=", "expire_date": "2017-06-30T13:30:19.831Z"}}, {"model": "attendence.student", "pk": 1, "fields": {"created": "2017-06-16T13:32:34.883Z", "first_name": "Dylan", "last_name": "Dsouza", "branch": 1, "semester": 4, "roll_no": 101509}}, {"model": "attendence.student", "pk": 2, "fields": {"created": "2017-06-30T07:22:40.196Z", "first_name": "Joel", "last_name": "Miranda", "branch": 1, "semester": 4, "roll_no": 101510}}, {"model": "attendence.student", "pk": 3, "fields": {"created": "2017-07-06T10:52:18.809Z", "first_name": "ANCHAN", "last_name": "LAVEENA", "branch": 1, "semester": 8, "roll_no": 101302}}, {"model": "attendence.student", "pk": 4, "fields": {"created": "2017-07-06T10:54:32.701Z", "first_name": "ANGEL", "last_name": "ABRAHAM", "branch": 1, "semester": 8, "roll_no": 101303}}, {"model": "attendence.student", "pk": 5, "fields": {"created": "2017-07-06T10:55:48.723Z", "first_name": "ANN SARA", "last_name": "SAJEE", "branch": 1, "semester": 8, "roll_no": 101304}}, {"model": "attendence.student", "pk": 6, "fields": {"created": "2017-07-06T10:56:34.301Z", "first_name": "ANTARKAR DEVIKA", "last_name": "ABHAY", "branch": 1, "semester": 8, "roll_no": 101305}}, {"model": "attendence.student", "pk": 7, "fields": {"created": "2017-07-06T10:57:17.033Z", "first_name": "BODHE", "last_name": "ASHWINIKUMAR S.", "branch": 1, "semester": 8, "roll_no": 101307}}, {"model": "attendence.student", "pk": 8, "fields": {"created": "2017-07-06T10:58:02.531Z", "first_name": "BORGES BEVERLLY", "last_name": "CLETUS", "branch": 1, "semester": 8, "roll_no": 101309}}, {"model": "attendence.student", "pk": 9, "fields": {"created": "2017-07-06T10:58:19.782Z", "first_name": "CHANDRA", "last_name": "ANIRUDDHA P.", "branch": 1, "semester": 8, "roll_no": 101310}}, {"model": "attendence.student", "pk": 10, "fields": {"created": "2017-07-06T10:58:36.003Z", "first_name": "CHOUHAN", "last_name": "APPORVA", "branch": 1, "semester": 8, "roll_no": 101313}}, {"model": "attendence.student", "pk": 11, "fields": {"created": "2017-07-06T10:59:57.166Z", "first_name": "GAUTAM", "last_name": "ANIRUDDHA P.", "branch": 1, "semester": 8, "roll_no": 101319}}, {"model": "attendence.student", "pk": 12, "fields": {"created": "2017-07-06T11:00:21.824Z", "first_name": "GONSALVES", "last_name": "FLOYD KANE", "branch": 1, "semester": 8, "roll_no": 101320}}, {"model": "attendence.student", "pk": 13, "fields": {"created": "2017-07-06T11:00:48.140Z", "first_name": "GRACE", "last_name": "MARYLYN JOHN", "branch": 1, "semester": 8, "roll_no": 101322}}, {"model": "attendence.student", "pk": 14, "fields": {"created": "2017-07-06T11:01:34.551Z", "first_name": "GUPTA", "last_name": "ANCHAL MUNNALAL", "branch": 1, "semester": 8, "roll_no": 101323}}, {"model": "attendence.student", "pk": 15, "fields": {"created": "2017-07-06T11:01:55.355Z", "first_name": "GUPTA", "last_name": "SHUBHAM ANIL", "branch": 1, "semester": 8, "roll_no": 101324}}, {"model": "attendence.student", "pk": 16, "fields": {"created": "2017-07-06T11:02:34.001Z", "first_name": "JADHAV", "last_name": "OMKAR HINDURAO", "branch": 1, "semester": 8, "roll_no": 101328}}, {"model": "attendence.student", "pk": 17, "fields": {"created": "2017-07-06T11:03:08.097Z", "first_name": "KOKADAN", "last_name": "ALVEENA JOSEPH", "branch": 1, "semester": 8, "roll_no": 101332}}, {"model": "attendence.student", "pk": 18, "fields": {"created": "2017-07-06T11:03:26.607Z", "first_name": "KOLHAR", "last_name": "JONATHAN MOSES", "branch": 1, "semester": 8, "roll_no": 101333}}, {"model": "attendence.student", "pk": 19, "fields": {"created": "2017-07-06T11:03:59.435Z", "first_name": "KOUL", "last_name": "AKSAY", "branch": 1, "semester": 8, "roll_no": 101334}}, {"model": "attendence.student", "pk": 20, "fields": {"created": "2017-07-06T11:04:28.451Z", "first_name": "KULKARNI MANSI", "last_name": "ANANT", "branch": 1, "semester": 8, "roll_no": 101335}}, {"model": "attendence.student", "pk": 21, "fields": {"created": "2017-07-06T11:05:22.760Z", "first_name": "LANGHE", "last_name": "TEJASWINEE R.", "branch": 1, "semester": 8, "roll_no": 101336}}, {"model": "attendence.student", "pk": 22, "fields": {"created": "2017-07-06T11:05:40.543Z", "first_name": "MAHAJAN", "last_name": "SHRUTI SANDEEP", "branch": 1, "semester": 8, "roll_no": 101337}}, {"model": "attendence.student", "pk": 23, "fields": {"created": "2017-07-06T11:06:11.008Z", "first_name": "NAGARE MANISH", "last_name": "ANIL", "branch": 1, "semester": 8, "roll_no": 101339}}, {"model": "attendence.student", "pk": 24, "fields": {"created": "2017-07-06T11:06:30.301Z", "first_name": "NIDHI MARIAM", "last_name": "JOHNSON", "branch": 1, "semester": 8, "roll_no": 101340}}, {"model": "attendence.student", "pk": 25, "fields": {"created": "2017-07-06T11:06:51.198Z", "first_name": "NIXON", "last_name": "ABRAHAM", "branch": 1, "semester": 8, "roll_no": 101341}}, {"model": "attendence.student", "pk": 26, "fields": {"created": "2017-07-06T11:07:09.392Z", "first_name": "PALOD HEET", "last_name": "RAJESH", "branch": 1, "semester": 8, "roll_no": 101342}}, {"model": "attendence.student", "pk": 27, "fields": {"created": "2017-07-06T11:07:41.252Z", "first_name": "PEREIRA AVELON", "last_name": "HYACINTH", "branch": 1, "semester": 8, "roll_no": 101346}}, {"model": "attendence.student", "pk": 28, "fields": {"created": "2017-07-06T11:08:03.791Z", "first_name": "POTDAR AKSHADA", "last_name": "SUHAS", "branch": 1, "semester": 8, "roll_no": 101347}}, {"model": "attendence.student", "pk": 29, "fields": {"created": "2017-07-06T11:09:26.333Z", "first_name": "QUADROS ROYDON", "last_name": "RONALD", "branch": 1, "semester": 8, "roll_no": 101348}}, {"model": "attendence.student", "pk": 30, "fields": {"created": "2017-07-06T11:09:43.877Z", "first_name": "RAJPUT SIMRAN", "last_name": "K.S.", "branch": 1, "semester": 8, "roll_no": 101349}}, {"model": "attendence.student", "pk": 31, "fields": {"created": "2017-07-06T11:10:06.005Z", "first_name": "ROSHAN ALWYN", "last_name": "MARTIS", "branch": 1, "semester": 8, "roll_no": 101351}}, {"model": "attendence.student", "pk": 32, "fields": {"created": "2017-07-06T11:10:41.594Z", "first_name": "SAMANT ROHIT", "last_name": "SATISH", "branch": 1, "semester": 8, "roll_no": 101353}}, {"model": "attendence.student", "pk": 33, "fields": {"created": "2017-07-06T11:11:31.324Z", "first_name": "SENGUPTA", "last_name": "ABHISHEK", "branch": 1, "semester": 8, "roll_no": 101354}}, {"model": "attendence.student", "pk": 34, "fields": {"created": "2017-07-06T11:11:45.779Z", "first_name": "SHERYL", "last_name": "SAJI", "branch": 1, "semester": 8, "roll_no": 101357}}, {"model": "attendence.student", "pk": 35, "fields": {"created": "2017-07-06T11:12:01.562Z", "first_name": "SHETTY", "last_name": "SRUJAN GANESH", "branch": 1, "semester": 8, "roll_no": 101358}}, {"model": "attendence.student", "pk": 36, "fields": {"created": "2017-07-06T11:12:49.736Z", "first_name": "SHIMON", "last_name": "JOHNSON", "branch": 1, "semester": 8, "roll_no": 101359}}, {"model": "attendence.student", "pk": 37, "fields": {"created": "2017-07-06T11:13:03.428Z", "first_name": "WARE AMOL", "last_name": "BHAGAWAN", "branch": 1, "semester": 8, "roll_no": 101364}}, {"model": "attendence.student", "pk": 38, "fields": {"created": "2017-07-06T11:13:24.079Z", "first_name": "DIVYA", "last_name": "KULKARNI", "branch": 1, "semester": 8, "roll_no": 101365}}, {"model": "attendence.student", "pk": 39, "fields": {"created": "2017-07-06T11:13:37.292Z", "first_name": "ADITYA", "last_name": "CHAUBEY", "branch": 1, "semester": 8, "roll_no": 101366}}, {"model": "attendence.student", "pk": 40, "fields": {"created": "2017-07-06T11:13:52.392Z", "first_name": "DIPALI", "last_name": "GHODEKAR", "branch": 1, "semester": 8, "roll_no": 101367}}, {"model": "attendence.student", "pk": 41, "fields": {"created": "2017-07-06T11:14:08.780Z", "first_name": "JOSHUA", "last_name": "ANTONY JOSEPH", "branch": 1, "semester": 8, "roll_no": 101369}}, {"model": "attendence.student", "pk": 42, "fields": {"created": "2017-07-06T11:14:17.596Z", "first_name": "MAYUR", "last_name": "DERE", "branch": 1, "semester": 8, "roll_no": 101371}}, {"model": "attendence.student", "pk": 43, "fields": {"created": "2017-07-06T11:14:37.111Z", "first_name": "OMKAR", "last_name": "SONAWANE", "branch": 1, "semester": 8, "roll_no": 101372}}, {"model": "attendence.student", "pk": 44, "fields": {"created": "2017-07-06T11:14:55.347Z", "first_name": "PRIYANKA", "last_name": "KUMBHAR", "branch": 1, "semester": 8, "roll_no": 101373}}, {"model": "attendence.student", "pk": 45, "fields": {"created": "2017-07-06T11:15:08.602Z", "first_name": "SHIVANI", "last_name": "CHASKAR", "branch": 1, "semester": 8, "roll_no": 101374}}, {"model": "attendence.student", "pk": 46, "fields": {"created": "2017-07-06T11:15:29.962Z", "first_name": "SUMIT", "last_name": "TUPE", "branch": 1, "semester": 8, "roll_no": 101375}}, {"model": "attendence.student", "pk": 47, "fields": {"created": "2017-07-06T11:16:00.889Z", "first_name": "SWAPNALI", "last_name": "GHADIGAONKAR", "branch": 1, "semester": 8, "roll_no": 101376}}, {"model": "attendence.student", "pk": 48, "fields": {"created": "2017-07-06T11:16:25.087Z", "first_name": "TEJASHREE", "last_name": "DESALE", "branch": 1, "semester": 8, "roll_no": 101377}}, {"model": "attendence.student", "pk": 49, "fields": {"created": "2017-07-06T11:16:54.055Z", "first_name": "ADITYA", "last_name": "NAIR", "branch": 1, "semester": 8, "roll_no": 101234}}, {"model": "attendence.student", "pk": 50, "fields": {"created": "2017-07-06T11:17:20.000Z", "first_name": "AKSHATA", "last_name": "CHANNAWAR", "branch": 1, "semester": 8, "roll_no": 101108}}, {"model": "attendence.student", "pk": 51, "fields": {"created": "2017-07-06T11:17:37.850Z", "first_name": "PEREIRA", "last_name": "CLARA", "branch": 1, "semester": 8, "roll_no": 101266}}, {"model": "attendence.student", "pk": 52, "fields": {"created": "2017-07-06T11:18:31.625Z", "first_name": "BORRA", "last_name": "CHRISTINA", "branch": 1, "semester": 8, "roll_no": 101268}}, {"model": "attendence.student", "pk": 53, "fields": {"created": "2017-07-06T11:18:40.631Z", "first_name": "SABLE", "last_name": "DINA", "branch": 1, "semester": 8, "roll_no": 101269}}, {"model": "attendence.student", "pk": 54, "fields": {"created": "2017-07-06T11:19:30.309Z", "first_name": "AARON ALEX", "last_name": "PHILIP", "branch": 1, "semester": 8, "roll_no": 101301}}, {"model": "attendence.student", "pk": 55, "fields": {"created": "2017-07-06T11:20:31.399Z", "first_name": "BARDESKAR", "last_name": "MILBURN S.", "branch": 1, "semester": 8, "roll_no": 101306}}, {"model": "attendence.student", "pk": 56, "fields": {"created": "2017-07-06T11:21:22.467Z", "first_name": "BORAMANI", "last_name": "AKSHAY J.", "branch": 1, "semester": 8, "roll_no": 101308}}, {"model": "attendence.student", "pk": 57, "fields": {"created": "2017-07-06T11:21:39.320Z", "first_name": "CHARAN DEANNE", "last_name": "KSHIPRA", "branch": 1, "semester": 8, "roll_no": 101311}}, {"model": "attendence.student", "pk": 58, "fields": {"created": "2017-07-06T11:21:57.501Z", "first_name": "CHAUS DANISH", "last_name": "KHALIL", "branch": 1, "semester": 8, "roll_no": 101312}}, {"model": "attendence.student", "pk": 59, "fields": {"created": "2017-07-06T11:22:25.292Z", "first_name": "DEGAONKAR", "last_name": "PRASHANT R.", "branch": 1, "semester": 8, "roll_no": 101314}}, {"model": "attendence.student", "pk": 60, "fields": {"created": "2017-07-06T11:22:49.217Z", "first_name": "DEOKAR SOURABH", "last_name": "UMESH", "branch": 1, "semester": 8, "roll_no": 101315}}, {"model": "attendence.student", "pk": 61, "fields": {"created": "2017-07-06T11:23:11.986Z", "first_name": "DOMINIC SAVIO", "last_name": "CAMILLES", "branch": 1, "semester": 8, "roll_no": 101316}}, {"model": "attendence.student", "pk": 62, "fields": {"created": "2017-07-06T11:23:34.877Z", "first_name": "DSILVA GAVIN", "last_name": "CHRIS G.", "branch": 1, "semester": 8, "roll_no": 101317}}, {"model": "attendence.student", "pk": 63, "fields": {"created": "2017-07-06T11:24:06.758Z", "first_name": "GONSALVES", "last_name": "MERRILL K. M.", "branch": 1, "semester": 8, "roll_no": 101321}}, {"model": "attendence.student", "pk": 64, "fields": {"created": "2017-07-06T11:24:21.855Z", "first_name": "GURAV VIKRANT", "last_name": "SANJIV", "branch": 1, "semester": 8, "roll_no": 101325}}, {"model": "attendence.student", "pk": 65, "fields": {"created": "2017-07-06T11:24:39.612Z", "first_name": "GURJAR", "last_name": "AMBARISH A.", "branch": 1, "semester": 8, "roll_no": 101326}}, {"model": "attendence.student", "pk": 66, "fields": {"created": "2017-07-06T11:24:54.897Z", "first_name": "JOHN", "last_name": "JAISON MATHEW", "branch": 1, "semester": 8, "roll_no": 101329}}, {"model": "attendence.student", "pk": 67, "fields": {"created": "2017-07-06T11:25:44.756Z", "first_name": "K V", "last_name": "MAITREYI", "branch": 1, "semester": 8, "roll_no": 101330}}, {"model": "attendence.student", "pk": 68, "fields": {"created": "2017-07-06T11:26:07.523Z", "first_name": "KOCHHAR", "last_name": "AKSHAY JITENDRA", "branch": 1, "semester": 8, "roll_no": 101331}}, {"model": "attendence.student", "pk": 69, "fields": {"created": "2017-07-06T11:26:33.716Z", "first_name": "MATHEW", "last_name": "ROSHAN CHARLIE", "branch": 1, "semester": 8, "roll_no": 101338}}, {"model": "attendence.student", "pk": 70, "fields": {"created": "2017-07-06T11:26:47.169Z", "first_name": "PANICKER", "last_name": "SANJANA V.", "branch": 1, "semester": 8, "roll_no": 101343}}, {"model": "attendence.student", "pk": 71, "fields": {"created": "2017-07-06T11:27:07.658Z", "first_name": "PATHAK", "last_name": "AAYUSH", "branch": 1, "semester": 8, "roll_no": 101344}}, {"model": "attendence.student", "pk": 72, "fields": {"created": "2017-07-06T11:27:19.282Z", "first_name": "PATIL", "last_name": "VAISHNAVI", "branch": 1, "semester": 8, "roll_no": 101345}}, {"model": "attendence.student", "pk": 73, "fields": {"created": "2017-07-06T11:27:29.830Z", "first_name": "RYAN", "last_name": "ROY", "branch": 1, "semester": 8, "roll_no": 101352}}, {"model": "attendence.student", "pk": 74, "fields": {"created": "2017-07-06T11:27:48.717Z", "first_name": "SHARMA PRIYANKA", "last_name": "RAVI", "branch": 1, "semester": 8, "roll_no": 101355}}, {"model": "attendence.student", "pk": 75, "fields": {"created": "2017-07-06T11:28:02.750Z", "first_name": "SWAPNA", "last_name": "JOHNNY", "branch": 1, "semester": 8, "roll_no": 101360}}, {"model": "attendence.student", "pk": 76, "fields": {"created": "2017-07-06T11:28:17.816Z", "first_name": "VADHAVKAR", "last_name": "ADITYA MILIND", "branch": 1, "semester": 8, "roll_no": 101361}}, {"model": "attendence.student", "pk": 77, "fields": {"created": "2017-07-06T11:28:34.250Z", "first_name": "VARGHESE", "last_name": "NITIN GEORGE", "branch": 1, "semester": 8, "roll_no": 101362}}, {"model": "attendence.student", "pk": 78, "fields": {"created": "2017-07-06T11:28:56.152Z", "first_name": "VENAD", "last_name": "JUSTIN JOLLY", "branch": 1, "semester": 8, "roll_no": 101363}}, {"model": "attendence.attendance", "pk": 1, "fields": {"created": "2017-06-16T13:42:14.437Z", "student": 1}}, {"model": "attendence.attendance", "pk": 2, "fields": {"created": "2017-06-30T07:22:42.904Z", "student": 2}}, {"model": "attendence.attendance", "pk": 3, "fields": {"created": "2017-07-06T11:15:39.857Z", "student": 3}}, {"model": "attendence.attendance", "pk": 4, "fields": {"created": "2017-07-06T11:15:45.227Z", "student": 4}}, {"model": "attendence.attendance", "pk": 5, "fields": {"created": "2017-07-06T11:15:59.837Z", "student": 5}}, {"model": "attendence.attendance", "pk": 6, "fields": {"created": "2017-07-06T11:16:04.528Z", "student": 6}}, {"model": "attendence.attendance", "pk": 7, "fields": {"created": "2017-07-06T11:16:11.178Z", "student": 7}}, {"model": "attendence.attendance", "pk": 8, "fields": {"created": "2017-07-06T11:16:15.781Z", "student": 8}}, {"model": "attendence.attendance", "pk": 9, "fields": {"created": "2017-07-06T11:16:20.356Z", "student": 9}}, {"model": "attendence.attendance", "pk": 10, "fields": {"created": "2017-07-06T11:16:24.202Z", "student": 10}}, {"model": "attendence.attendance", "pk": 11, "fields": {"created": "2017-07-06T11:17:19.754Z", "student": 11}}, {"model": "attendence.attendance", "pk": 12, "fields": {"created": "2017-07-06T11:17:30.903Z", "student": 12}}, {"model": "attendence.attendance", "pk": 13, "fields": {"created": "2017-07-06T11:17:36.451Z", "student": 13}}, {"model": "attendence.attendance", "pk": 14, "fields": {"created": "2017-07-06T11:17:43.126Z", "student": 14}}, {"model": "attendence.attendance", "pk": 15, "fields": {"created": "2017-07-06T11:17:53.826Z", "student": 15}}, {"model": "attendence.attendance", "pk": 16, "fields": {"created": "2017-07-06T11:18:28.212Z", "student": 16}}, {"model": "attendence.attendance", "pk": 17, "fields": {"created": "2017-07-06T11:18:38.819Z", "student": 17}}, {"model": "attendence.attendance", "pk": 18, "fields": {"created": "2017-07-06T11:18:46.970Z", "student": 18}}, {"model": "attendence.attendance", "pk": 19, "fields": {"created": "2017-07-06T11:19:07.175Z", "student": 19}}, {"model": "attendence.attendance", "pk": 20, "fields": {"created": "2017-07-06T11:20:18.719Z", "student": 20}}, {"model": "attendence.attendance", "pk": 21, "fields": {"created": "2017-07-06T11:20:28.223Z", "student": 21}}, {"model": "attendence.attendance", "pk": 22, "fields": {"created": "2017-07-06T11:21:20.439Z", "student": 22}}, {"model": "attendence.attendance", "pk": 23, "fields": {"created": "2017-07-06T11:21:49.002Z", "student": 23}}, {"model": "attendence.attendance", "pk": 24, "fields": {"created": "2017-07-06T11:22:07.677Z", "student": 24}}, {"model": "attendence.attendance", "pk": 25, "fields": {"created": "2017-07-06T11:22:19.197Z", "student": 25}}, {"model": "attendence.attendance", "pk": 26, "fields": {"created": "2017-07-06T11:22:31.981Z", "student": 26}}, {"model": "attendence.attendance", "pk": 27, "fields": {"created": "2017-07-06T11:22:41.541Z", "student": 27}}, {"model": "attendence.attendance", "pk": 28, "fields": {"created": "2017-07-06T11:22:56.836Z", "student": 28}}, {"model": "attendence.attendance", "pk": 29, "fields": {"created": "2017-07-06T11:23:10.853Z", "student": 29}}, {"model": "attendence.attendance", "pk": 30, "fields": {"created": "2017-07-06T11:23:25.060Z", "student": 30}}, {"model": "attendence.attendance", "pk": 31, "fields": {"created": "2017-07-06T11:23:36.933Z", "student": 31}}, {"model": "attendence.attendance", "pk": 32, "fields": {"created": "2017-07-06T11:23:48.339Z", "student": 32}}, {"model": "attendence.attendance", "pk": 33, "fields": {"created": "2017-07-06T11:23:57.540Z", "student": 33}}, {"model": "attendence.attendance", "pk": 34, "fields": {"created": "2017-07-06T11:24:05.206Z", "student": 34}}, {"model": "attendence.attendance", "pk": 35, "fields": {"created": "2017-07-06T11:24:11.278Z", "student": 35}}, {"model": "attendence.attendance", "pk": 36, "fields": {"created": "2017-07-06T11:24:20.472Z", "student": 36}}, {"model": "attendence.attendance", "pk": 37, "fields": {"created": "2017-07-06T11:33:35.371Z", "student": 37}}, {"model": "attendence.attendance", "pk": 38, "fields": {"created": "2017-07-06T11:33:42.952Z", "student": 38}}, {"model": "attendence.attendance", "pk": 39, "fields": {"created": "2017-07-06T11:34:08.465Z", "student": 39}}, {"model": "attendence.attendance", "pk": 40, "fields": {"created": "2017-07-06T11:34:17.143Z", "student": 40}}, {"model": "attendence.attendance", "pk": 41, "fields": {"created": "2017-07-06T11:34:26.990Z", "student": 41}}, {"model": "attendence.attendance", "pk": 42, "fields": {"created": "2017-07-06T11:34:33.309Z", "student": 42}}, {"model": "attendence.attendance", "pk": 43, "fields": {"created": "2017-07-06T11:34:39.125Z", "student": 43}}, {"model": "attendence.attendance", "pk": 44, "fields": {"created": "2017-07-06T11:34:43.511Z", "student": 44}}, {"model": "attendence.attendance", "pk": 45, "fields": {"created": "2017-07-06T11:34:49.631Z", "student": 45}}, {"model": "attendence.attendance", "pk": 46, "fields": {"created": "2017-07-06T11:34:54.412Z", "student": 46}}, {"model": "attendence.attendance", "pk": 47, "fields": {"created": "2017-07-06T11:34:58.703Z", "student": 47}}, {"model": "attendence.attendance", "pk": 49, "fields": {"created": "2017-07-06T11:36:09.416Z", "student": 47}}, {"model": "attendence.attendance", "pk": 50, "fields": {"created": "2017-07-06T11:36:19.688Z", "student": 48}}, {"model": "attendence.attendance", "pk": 51, "fields": {"created": "2017-07-06T11:37:05.854Z", "student": 49}}, {"model": "attendence.attendance", "pk": 52, "fields": {"created": "2017-07-06T11:37:22.752Z", "student": 50}}, {"model": "attendence.attendance", "pk": 53, "fields": {"created": "2017-07-06T11:37:44.818Z", "student": 51}}, {"model": "attendence.attendance", "pk": 54, "fields": {"created": "2017-07-06T11:37:59.714Z", "student": 52}}, {"model": "attendence.attendance", "pk": 55, "fields": {"created": "2017-07-06T11:38:09.173Z", "student": 53}}, {"model": "attendence.attendance", "pk": 56, "fields": {"created": "2017-07-06T11:38:36.575Z", "student": 54}}, {"model": "attendence.attendance", "pk": 57, "fields": {"created": "2017-07-06T11:38:43.266Z", "student": 55}}, {"model": "attendence.attendance", "pk": 58, "fields": {"created": "2017-07-06T11:38:50.084Z", "student": 56}}, {"model": "attendence.attendance", "pk": 59, "fields": {"created": "2017-07-06T11:38:58.363Z", "student": 57}}, {"model": "attendence.attendance", "pk": 60, "fields": {"created": "2017-07-06T11:39:05.700Z", "student": 58}}, {"model": "attendence.attendance", "pk": 61, "fields": {"created": "2017-07-06T11:39:12.514Z", "student": 59}}, {"model": "attendence.attendance", "pk": 62, "fields": {"created": "2017-07-06T11:39:22.864Z", "student": 60}}, {"model": "attendence.attendance", "pk": 63, "fields": {"created": "2017-07-06T11:39:30.185Z", "student": 61}}, {"model": "attendence.attendance", "pk": 64, "fields": {"created": "2017-07-06T11:39:40.592Z", "student": 62}}, {"model": "attendence.attendance", "pk": 65, "fields": {"created": "2017-07-06T11:39:48.404Z", "student": 63}}, {"model": "attendence.attendance", "pk": 66, "fields": {"created": "2017-07-06T11:40:02.033Z", "student": 64}}, {"model": "attendence.attendance", "pk": 67, "fields": {"created": "2017-07-06T11:40:06.070Z", "student": 65}}, {"model": "attendence.attendance", "pk": 68, "fields": {"created": "2017-07-06T11:40:08.802Z", "student": 66}}, {"model": "attendence.attendance", "pk": 69, "fields": {"created": "2017-07-06T11:40:11.578Z", "student": 67}}, {"model": "attendence.attendance", "pk": 70, "fields": {"created": "2017-07-06T11:40:15.702Z", "student": 68}}, {"model": "attendence.attendance", "pk": 71, "fields": {"created": "2017-07-06T11:40:19.165Z", "student": 69}}, {"model": "attendence.attendance", "pk": 72, "fields": {"created": "2017-07-06T11:40:23.489Z", "student": 70}}, {"model": "attendence.attendance", "pk": 73, "fields": {"created": "2017-07-06T11:40:32.356Z", "student": 71}}, {"model": "attendence.attendance", "pk": 74, "fields": {"created": "2017-07-06T11:40:38.028Z", "student": 72}}, {"model": "attendence.attendance", "pk": 75, "fields": {"created": "2017-07-06T11:40:43.236Z", "student": 73}}, {"model": "attendence.attendance", "pk": 76, "fields": {"created": "2017-07-06T11:40:54.239Z", "student": 74}}, {"model": "attendence.attendance", "pk": 77, "fields": {"created": "2017-07-06T11:40:58.568Z", "student": 75}}, {"model": "attendence.attendance", "pk": 78, "fields": {"created": "2017-07-06T11:41:05.376Z", "student": 76}}, {"model": "attendence.attendance", "pk": 79, "fields": {"created": "2017-07-06T11:41:08.454Z", "student": 77}}, {"model": "attendence.attendance", "pk": 80, "fields": {"created": "2017-07-06T11:41:11.374Z", "student": 78}}, {"model": "attendence.subject", "pk": 1, "fields": {"subject_name": "Applied Mathematics - IV", "abbr": "AM-IV", "sub_type": 1}}, {"model": "attendence.subject", "pk": 2, "fields": {"subject_name": "Computer Graphics", "abbr": "CG", "sub_type": 1}}, {"model": "attendence.subject", "pk": 3, "fields": {"subject_name": "Theoratical Computer Science", "abbr": "TCS", "sub_type": 2}}, {"model": "attendence.subject", "pk": 4, "fields": {"subject_name": "Analysis of Algorithms", "abbr": "AOA", "sub_type": 1}}, {"model": "attendence.subject", "pk": 5, "fields": {"subject_name": "Database Management", "abbr": "DBMS", "sub_type": 1}}, {"model": "attendence.subject", "pk": 6, "fields": {"subject_name": "Computer Organizarion And Architecture", "abbr": "COA", "sub_type": 1}}, {"model": "attendence.subject", "pk": 7, "fields": {"subject_name": "Database Warehousing and Management", "abbr": "DWM", "sub_type": 1}}, {"model": "attendence.subject", "pk": 8, "fields": {"subject_name": "Human Machine Interaction", "abbr": "HMI", "sub_type": 1}}, {"model": "attendence.subject", "pk": 9, "fields": {"subject_name": "P Dsomething Something", "abbr": "PDS", "sub_type": 1}}, {"model": "attendence.subject", "pk": 10, "fields": {"subject_name": "BDA", "abbr": "BDA", "sub_type": 1}}, {"model": "attendence.subject", "pk": 12, "fields": {"subject_name": "Cloud Computing", "abbr": "CC", "sub_type": 3}}, {"model": "attendence.subjectstudent", "pk": 7, "fields": {"subject": 1, "attendance": 1}}, {"model": "attendence.subjectstudent", "pk": 8, "fields": {"subject": 2, "attendance": 1}}, {"model": "attendence.subjectstudent", "pk": 9, "fields": {"subject": 3, "attendance": 1}}, {"model": "attendence.subjectstudent", "pk": 10, "fields": {"subject": 5, "attendance": 1}}, {"model": "attendence.subjectstudent", "pk": 12, "fields": {"subject": 6, "attendance": 1}}, {"model": "attendence.subjectstudent", "pk": 14, "fields": {"subject": 4, "attendance": 1}}, {"model": "attendence.subjectstudent", "pk": 15, "fields": {"subject": 1, "attendance": 2}}, {"model": "attendence.subjectstudent", "pk": 16, "fields": {"subject": 2, "attendance": 2}}, {"model": "attendence.subjectstudent", "pk": 17, "fields": {"subject": 3, "attendance": 2}}, {"model": "attendence.subjectstudent", "pk": 18, "fields": {"subject": 4, "attendance": 2}}, {"model": "attendence.subjectstudent", "pk": 19, "fields": {"subject": 5, "attendance": 2}}, {"model": "attendence.subjectstudent", "pk": 20, "fields": {"subject": 6, "attendance": 2}}, {"model": "attendence.subjectstudent", "pk": 21, "fields": {"subject": 7, "attendance": 3}}, {"model": "attendence.subjectstudent", "pk": 22, "fields": {"subject": 8, "attendance": 3}}, {"model": "attendence.subjectstudent", "pk": 23, "fields": {"subject": 9, "attendance": 3}}, {"model": "attendence.subjectstudent", "pk": 24, "fields": {"subject": 10, "attendance": 3}}, {"model": "attendence.subjectstudent", "pk": 25, "fields": {"subject": 12, "attendance": 3}}, {"model": "attendence.theory", "pk": 7, "fields": {"subject_student": 7, "actual": 12, "total": 16}}, {"model": "attendence.theory", "pk": 8, "fields": {"subject_student": 8, "actual": 12, "total": 16}}, {"model": "attendence.theory", "pk": 9, "fields": {"subject_student": 9, "actual": 12, "total": 16}}, {"model": "attendence.theory", "pk": 10, "fields": {"subject_student": 10, "actual": 12, "total": 16}}, {"model": "attendence.theory", "pk": 12, "fields": {"subject_student": 12, "actual": 12, "total": 16}}, {"model": "attendence.theory", "pk": 13, "fields": {"subject_student": 14, "actual": 12, "total": 16}}, {"model": "attendence.theory", "pk": 14, "fields": {"subject_student": 15, "actual": 12, "total": 16}}, {"model": "attendence.theory", "pk": 15, "fields": {"subject_student": 16, "actual": 5, "total": 16}}, {"model": "attendence.theory", "pk": 16, "fields": {"subject_student": 17, "actual": 12, "total": 16}}, {"model": "attendence.theory", "pk": 17, "fields": {"subject_student": 18, "actual": 12, "total": 16}}, {"model": "attendence.theory", "pk": 18, "fields": {"subject_student": 19, "actual": 12, "total": 16}}, {"model": "attendence.theory", "pk": 19, "fields": {"subject_student": 20, "actual": 12, "total": 16}}, {"model": "attendence.practical", "pk": 6, "fields": {"subject_student": 7, "actual": 12, "total": 16}}, {"model": "attendence.practical", "pk": 7, "fields": {"subject_student": 8, "actual": 12, "total": 16}}, {"model": "attendence.practical", "pk": 9, "fields": {"subject_student": 10, "actual": 12, "total": 16}}, {"model": "attendence.practical", "pk": 10, "fields": {"subject_student": 12, "actual": 12, "total": 16}}, {"model": "attendence.practical", "pk": 11, "fields": {"subject_student": 9, "actual": 0, "total": 0}}, {"model": "attendence.practical", "pk": 12, "fields": {"subject_student": 14, "actual": 12, "total": 16}}, {"model": "attendence.practical", "pk": 13, "fields": {"subject_student": 15, "actual": 12, "total": 16}}, {"model": "attendence.practical", "pk": 14, "fields": {"subject_student": 16, "actual": 12, "total": 16}}, {"model": "attendence.practical", "pk": 15, "fields": {"subject_student": 17, "actual": 0, "total": 0}}, {"model": "attendence.practical", "pk": 16, "fields": {"subject_student": 18, "actual": 12, "total": 16}}, {"model": "attendence.practical", "pk": 17, "fields": {"subject_student": 19, "actual": 12, "total": 16}}, {"model": "attendence.practical", "pk": 18, "fields": {"subject_student": 20, "actual": 12, "total": 16}}, {"model": "attendence.subjectholder", "pk": 1, "fields": {"created": "2017-06-16T13:32:52.276Z", "branch": 1, "semester": 4, "subject": 1}}, {"model": "attendence.subjectholder", "pk": 2, "fields": {"created": "2017-06-16T13:33:02.684Z", "branch": 1, "semester": 4, "subject": 2}}, {"model": "attendence.subjectholder", "pk": 3, "fields": {"created": "2017-06-16T13:33:17.312Z", "branch": 1, "semester": 4, "subject": 3}}, {"model": "attendence.subjectholder", "pk": 4, "fields": {"created": "2017-06-16T13:33:27.840Z", "branch": 1, "semester": 4, "subject": 4}}, {"model": "attendence.subjectholder", "pk": 5, "fields": {"created": "2017-06-16T13:33:38.833Z", "branch": 1, "semester": 4, "subject": 5}}, {"model": "attendence.subjectholder", "pk": 7, "fields": {"created": "2017-06-16T13:34:09.334Z", "branch": 1, "semester": 4, "subject": 6}}, {"model": "attendence.subjectholder", "pk": 8, "fields": {"created": "2017-07-06T11:06:36.679Z", "branch": 1, "semester": 8, "subject": 7}}, {"model": "attendence.subjectholder", "pk": 9, "fields": {"created": "2017-07-06T11:06:46.002Z", "branch": 1, "semester": 8, "subject": 8}}, {"model": "attendence.subjectholder", "pk": 10, "fields": {"created": "2017-07-06T11:06:55.881Z", "branch": 1, "semester": 8, "subject": 9}}, {"model": "attendence.subjectholder", "pk": 11, "fields": {"created": "2017-07-06T11:07:08.428Z", "branch": 1, "semester": 8, "subject": 10}}, {"model": "attendence.subjectholder", "pk": 12, "fields": {"created": "2017-07-06T11:07:28.944Z", "branch": 1, "semester": 8, "subject": 12}}, {"model": "auth.permission", "pk": 1, "fields": {"name": "Can add log entry", "content_type": 1, "codename": "add_logentry"}}, {"model": "auth.permission", "pk": 2, "fields": {"name": "Can change log entry", "content_type": 1, "codename": "change_logentry"}}, {"model": "auth.permission", "pk": 3, "fields": {"name": "Can delete log entry", "content_type": 1, "codename": "delete_logentry"}}, {"model": "auth.permission", "pk": 4, "fields": {"name": "Can add permission", "content_type": 2, "codename": "add_permission"}}, {"model": "auth.permission", "pk": 5, "fields": {"name": "Can change permission", "content_type": 2, "codename": "change_permission"}}, {"model": "auth.permission", "pk": 6, "fields": {"name": "Can delete permission", "content_type": 2, "codename": "delete_permission"}}, {"model": "auth.permission", "pk": 7, "fields": {"name": "Can add group", "content_type": 3, "codename": "add_group"}}, {"model": "auth.permission", "pk": 8, "fields": {"name": "Can change group", "content_type": 3, "codename": "change_group"}}, {"model": "auth.permission", "pk": 9, "fields": {"name": "Can delete group", "content_type": 3, "codename": "delete_group"}}, {"model": "auth.permission", "pk": 10, "fields": {"name": "Can add user", "content_type": 4, "codename": "add_user"}}, {"model": "auth.permission", "pk": 11, "fields": {"name": "Can change user", "content_type": 4, "codename": "change_user"}}, {"model": "auth.permission", "pk": 12, "fields": {"name": "Can delete user", "content_type": 4, "codename": "delete_user"}}, {"model": "auth.permission", "pk": 13, "fields": {"name": "Can add content type", "content_type": 5, "codename": "add_contenttype"}}, {"model": "auth.permission", "pk": 14, "fields": {"name": "Can change content type", "content_type": 5, "codename": "change_contenttype"}}, {"model": "auth.permission", "pk": 15, "fields": {"name": "Can delete content type", "content_type": 5, "codename": "delete_contenttype"}}, {"model": "auth.permission", "pk": 16, "fields": {"name": "Can add session", "content_type": 6, "codename": "add_session"}}, {"model": "auth.permission", "pk": 17, "fields": {"name": "Can change session", "content_type": 6, "codename": "change_session"}}, {"model": "auth.permission", "pk": 18, "fields": {"name": "Can delete session", "content_type": 6, "codename": "delete_session"}}, {"model": "auth.permission", "pk": 19, "fields": {"name": "Can add student", "content_type": 7, "codename": "add_student"}}, {"model": "auth.permission", "pk": 20, "fields": {"name": "Can change student", "content_type": 7, "codename": "change_student"}}, {"model": "auth.permission", "pk": 21, "fields": {"name": "Can delete student", "content_type": 7, "codename": "delete_student"}}, {"model": "auth.permission", "pk": 22, "fields": {"name": "Can add attendance", "content_type": 8, "codename": "add_attendance"}}, {"model": "auth.permission", "pk": 23, "fields": {"name": "Can change attendance", "content_type": 8, "codename": "change_attendance"}}, {"model": "auth.permission", "pk": 24, "fields": {"name": "Can delete attendance", "content_type": 8, "codename": "delete_attendance"}}, {"model": "auth.permission", "pk": 25, "fields": {"name": "Can add subject", "content_type": 9, "codename": "add_subject"}}, {"model": "auth.permission", "pk": 26, "fields": {"name": "Can change subject", "content_type": 9, "codename": "change_subject"}}, {"model": "auth.permission", "pk": 27, "fields": {"name": "Can delete subject", "content_type": 9, "codename": "delete_subject"}}, {"model": "auth.permission", "pk": 28, "fields": {"name": "Can add subject student", "content_type": 10, "codename": "add_subjectstudent"}}, {"model": "auth.permission", "pk": 29, "fields": {"name": "Can change subject student", "content_type": 10, "codename": "change_subjectstudent"}}, {"model": "auth.permission", "pk": 30, "fields": {"name": "Can delete subject student", "content_type": 10, "codename": "delete_subjectstudent"}}, {"model": "auth.permission", "pk": 31, "fields": {"name": "Can add theory", "content_type": 11, "codename": "add_theory"}}, {"model": "auth.permission", "pk": 32, "fields": {"name": "Can change theory", "content_type": 11, "codename": "change_theory"}}, {"model": "auth.permission", "pk": 33, "fields": {"name": "Can delete theory", "content_type": 11, "codename": "delete_theory"}}, {"model": "auth.permission", "pk": 34, "fields": {"name": "Can add practical", "content_type": 12, "codename": "add_practical"}}, {"model": "auth.permission", "pk": 35, "fields": {"name": "Can change practical", "content_type": 12, "codename": "change_practical"}}, {"model": "auth.permission", "pk": 36, "fields": {"name": "Can delete practical", "content_type": 12, "codename": "delete_practical"}}, {"model": "auth.permission", "pk": 37, "fields": {"name": "Can add subject holder", "content_type": 13, "codename": "add_subjectholder"}}, {"model": "auth.permission", "pk": 38, "fields": {"name": "Can change subject holder", "content_type": 13, "codename": "change_subjectholder"}}, {"model": "auth.permission", "pk": 39, "fields": {"name": "Can delete subject holder", "content_type": 13, "codename": "delete_subjectholder"}}, {"model": "auth.user", "pk": 1, "fields": {"password": "pbkdf2_sha256$30000$Fc4U0iCiOOu7$tkCNwR66yBEC1TRNGMNzW7xyjlMgnb1spvyCVhAsS6o=", "last_login": "2017-07-06T11:13:29.358Z", "is_superuser": true, "username": "dylan", "first_name": "", "last_name": "", "email": "dsouzadyn@outlook.com", "is_staff": true, "is_active": true, "date_joined": "2017-06-16T13:29:56.492Z", "groups": [], "user_permissions": []}}, {"model": "auth.user", "pk": 2, "fields": {"password": "pbkdf2_sha256$30000$h8QrX7aOfHuF$ZTpEmAJv4EbGU0sQ3jhvS0dzOAF9L+TQ83o5SZMMEw8=", "last_login": null, "is_superuser": false, "username": "djoserx", "first_name": "", "last_name": "", "email": "djoser@example.com", "is_staff": false, "is_active": true, "date_joined": "2017-06-16T14:28:40.017Z", "groups": [], "user_permissions": []}}, {"model": "auth.user", "pk": 3, "fields": {"password": "pbkdf2_sha256$30000$nHlERIEt6muh$aQp85/jbr5r+YG77Q4Z58ZbM1aQIPolsztD2YSoX9oU=", "last_login": null, "is_superuser": false, "username": "dolan", "first_name": "", "last_name": "", "email": "dolan@dolan.com", "is_staff": false, "is_active": true, "date_joined": "2017-06-17T09:53:17.745Z", "groups": [], "user_permissions": []}}, {"model": "auth.user", "pk": 4, "fields": {"password": "pbkdf2_sha256$30000$IzMRj4Ya9yxw$C08LSLBbzP8n9z66lRfNKGI+LmORt+BM67wplDueq3k=", "last_login": null, "is_superuser": false, "username": "dolanx", "first_name": "", "last_name": "", "email": "dolanx@dolan.com", "is_staff": false, "is_active": true, "date_joined": "2017-06-17T09:54:03.343Z", "groups": [], "user_permissions": []}}, {"model": "auth.user", "pk": 5, "fields": {"password": "pbkdf2_sha256$30000$LI1z1iXJT2Ps$s2xkIz9+FCdXC3ILkqaaRqydSnVFFzP52TgQ1OxVFR0=", "last_login": null, "is_superuser": false, "username": "dolanxx", "first_name": "", "last_name": "", "email": "dolanxx@dolan.com", "is_staff": false, "is_active": true, "date_joined": "2017-06-17T09:55:20.450Z", "groups": [], "user_permissions": []}}, {"model": "auth.user", "pk": 6, "fields": {"password": "pbkdf2_sha256$30000$h08IOlppylht$YIz2UK95MMGMn+rOU2DwQ/CAnJ/A04EQHnDqzu/p6eo=", "last_login": "2017-07-06T10:39:44.238Z", "is_superuser": true, "username": "jariel", "first_name": "", "last_name": "", "email": "jariel.gojar@gmail.com", "is_staff": true, "is_active": true, "date_joined": "2017-07-06T10:21:00.807Z", "groups": [], "user_permissions": []}}, {"model": "admin.logentry", "pk": 1, "fields": {"action_time": "2017-06-16T13:30:40.354Z", "user": 1, "content_type": 9, "object_id": "1", "object_repr": "Applied Mathematics - IV", "action_flag": 1, "change_message": "[{\"added\": {}}]"}}, {"model": "admin.logentry", "pk": 2, "fields": {"action_time": "2017-06-16T13:30:57.364Z", "user": 1, "content_type": 9, "object_id": "2", "object_repr": "Computer Graphics", "action_flag": 1, "change_message": "[{\"added\": {}}]"}}, {"model": "admin.logentry", "pk": 3, "fields": {"action_time": "2017-06-16T13:31:06.398Z", "user": 1, "content_type": 9, "object_id": "3", "object_repr": "Theoratical Computer Science", "action_flag": 1, "change_message": "[{\"added\": {}}]"}}, {"model": "admin.logentry", "pk": 4, "fields": {"action_time": "2017-06-16T13:31:42.591Z", "user": 1, "content_type": 9, "object_id": "4", "object_repr": "Analysis of Algorithms", "action_flag": 1, "change_message": "[{\"added\": {}}]"}}, {"model": "admin.logentry", "pk": 5, "fields": {"action_time": "2017-06-16T13:31:55.601Z", "user": 1, "content_type": 9, "object_id": "5", "object_repr": "Database Management", "action_flag": 1, "change_message": "[{\"added\": {}}]"}}, {"model": "admin.logentry", "pk": 6, "fields": {"action_time": "2017-06-16T13:32:09.965Z", "user": 1, "content_type": 9, "object_id": "6", "object_repr": "Computer Organizarion And Architecture", "action_flag": 1, "change_message": "[{\"added\": {}}]"}}, {"model": "admin.logentry", "pk": 7, "fields": {"action_time": "2017-06-16T13:32:34.884Z", "user": 1, "content_type": 7, "object_id": "1", "object_repr": "101509", "action_flag": 1, "change_message": "[{\"added\": {}}]"}}, {"model": "admin.logentry", "pk": 8, "fields": {"action_time": "2017-06-16T13:32:52.277Z", "user": 1, "content_type": 13, "object_id": "1", "object_repr": "Applied Mathematics - IV", "action_flag": 1, "change_message": "[{\"added\": {}}]"}}, {"model": "admin.logentry", "pk": 9, "fields": {"action_time": "2017-06-16T13:33:02.685Z", "user": 1, "content_type": 13, "object_id": "2", "object_repr": "Computer Graphics", "action_flag": 1, "change_message": "[{\"added\": {}}]"}}, {"model": "admin.logentry", "pk": 10, "fields": {"action_time": "2017-06-16T13:33:17.314Z", "user": 1, "content_type": 13, "object_id": "3", "object_repr": "Theoratical Computer Science", "action_flag": 1, "change_message": "[{\"added\": {}}]"}}, {"model": "admin.logentry", "pk": 11, "fields": {"action_time": "2017-06-16T13:33:27.841Z", "user": 1, "content_type": 13, "object_id": "4", "object_repr": "Analysis of Algorithms", "action_flag": 1, "change_message": "[{\"added\": {}}]"}}, {"model": "admin.logentry", "pk": 12, "fields": {"action_time": "2017-06-16T13:33:38.834Z", "user": 1, "content_type": 13, "object_id": "5", "object_repr": "Database Management", "action_flag": 1, "change_message": "[{\"added\": {}}]"}}, {"model": "admin.logentry", "pk": 13, "fields": {"action_time": "2017-06-16T13:33:50.405Z", "user": 1, "content_type": 13, "object_id": "6", "object_repr": "Database Management", "action_flag": 1, "change_message": "[{\"added\": {}}]"}}, {"model": "admin.logentry", "pk": 14, "fields": {"action_time": "2017-06-16T13:33:59.708Z", "user": 1, "content_type": 13, "object_id": "6", "object_repr": "Database Management", "action_flag": 3, "change_message": ""}}, {"model": "admin.logentry", "pk": 15, "fields": {"action_time": "2017-06-16T13:34:09.335Z", "user": 1, "content_type": 13, "object_id": "7", "object_repr": "Computer Organizarion And Architecture", "action_flag": 1, "change_message": "[{\"added\": {}}]"}}, {"model": "admin.logentry", "pk": 16, "fields": {"action_time": "2017-06-16T13:42:14.438Z", "user": 1, "content_type": 8, "object_id": "1", "object_repr": "101509", "action_flag": 1, "change_message": "[{\"added\": {}}]"}}, {"model": "admin.logentry", "pk": 17, "fields": {"action_time": "2017-06-16T13:43:09.574Z", "user": 1, "content_type": 10, "object_id": "1", "object_repr": "101509", "action_flag": 1, "change_message": "[{\"added\": {}}]"}}, {"model": "admin.logentry", "pk": 18, "fields": {"action_time": "2017-06-16T13:54:26.534Z", "user": 1, "content_type": 11, "object_id": "1", "object_repr": "101509 Applied Mathematics - IV", "action_flag": 1, "change_message": "[{\"added\": {}}]"}}, {"model": "admin.logentry", "pk": 19, "fields": {"action_time": "2017-06-16T13:54:51.713Z", "user": 1, "content_type": 12, "object_id": "1", "object_repr": "101509 Applied Mathematics - IV", "action_flag": 1, "change_message": "[{\"added\": {}}]"}}, {"model": "admin.logentry", "pk": 20, "fields": {"action_time": "2017-06-16T13:55:35.572Z", "user": 1, "content_type": 10, "object_id": "2", "object_repr": "101509 Computer Graphics", "action_flag": 1, "change_message": "[{\"added\": {}}]"}}, {"model": "admin.logentry", "pk": 21, "fields": {"action_time": "2017-06-16T13:56:54.890Z", "user": 1, "content_type": 11, "object_id": "2", "object_repr": "101509 Computer Graphics", "action_flag": 1, "change_message": "[{\"added\": {}}]"}}, {"model": "admin.logentry", "pk": 22, "fields": {"action_time": "2017-06-16T13:57:11.595Z", "user": 1, "content_type": 12, "object_id": "2", "object_repr": "101509 Computer Graphics", "action_flag": 1, "change_message": "[{\"added\": {}}]"}}, {"model": "admin.logentry", "pk": 23, "fields": {"action_time": "2017-06-16T14:05:43.809Z", "user": 1, "content_type": 10, "object_id": "3", "object_repr": "101509 Theoratical Computer Science", "action_flag": 1, "change_message": "[{\"added\": {}}]"}}, {"model": "admin.logentry", "pk": 24, "fields": {"action_time": "2017-06-16T14:06:07.191Z", "user": 1, "content_type": 11, "object_id": "3", "object_repr": "101509 Theoratical Computer Science", "action_flag": 1, "change_message": "[{\"added\": {}}]"}}, {"model": "admin.logentry", "pk": 25, "fields": {"action_time": "2017-06-16T14:07:12.275Z", "user": 1, "content_type": 10, "object_id": "4", "object_repr": "101509 Analysis of Algorithms", "action_flag": 1, "change_message": "[{\"added\": {}}]"}}, {"model": "admin.logentry", "pk": 26, "fields": {"action_time": "2017-06-16T14:07:27.688Z", "user": 1, "content_type": 11, "object_id": "4", "object_repr": "101509 Analysis of Algorithms", "action_flag": 1, "change_message": "[{\"added\": {}}]"}}, {"model": "admin.logentry", "pk": 27, "fields": {"action_time": "2017-06-16T14:07:45.885Z", "user": 1, "content_type": 12, "object_id": "3", "object_repr": "101509 Analysis of Algorithms", "action_flag": 1, "change_message": "[{\"added\": {}}]"}}, {"model": "admin.logentry", "pk": 28, "fields": {"action_time": "2017-06-16T14:08:04.193Z", "user": 1, "content_type": 10, "object_id": "5", "object_repr": "101509 Database Management", "action_flag": 1, "change_message": "[{\"added\": {}}]"}}, {"model": "admin.logentry", "pk": 29, "fields": {"action_time": "2017-06-16T14:09:19.034Z", "user": 1, "content_type": 12, "object_id": "4", "object_repr": "101509 Database Management", "action_flag": 1, "change_message": "[{\"added\": {}}]"}}, {"model": "admin.logentry", "pk": 30, "fields": {"action_time": "2017-06-16T14:09:39.521Z", "user": 1, "content_type": 11, "object_id": "5", "object_repr": "101509 Database Management", "action_flag": 1, "change_message": "[{\"added\": {}}]"}}, {"model": "admin.logentry", "pk": 31, "fields": {"action_time": "2017-06-16T14:09:55.022Z", "user": 1, "content_type": 10, "object_id": "6", "object_repr": "101509 Computer Organizarion And Architecture", "action_flag": 1, "change_message": "[{\"added\": {}}]"}}, {"model": "admin.logentry", "pk": 32, "fields": {"action_time": "2017-06-16T14:10:18.587Z", "user": 1, "content_type": 11, "object_id": "6", "object_repr": "101509 Computer Organizarion And Architecture", "action_flag": 1, "change_message": "[{\"added\": {}}]"}}, {"model": "admin.logentry", "pk": 33, "fields": {"action_time": "2017-06-16T14:10:33.536Z", "user": 1, "content_type": 12, "object_id": "5", "object_repr": "101509 Computer Organizarion And Architecture", "action_flag": 1, "change_message": "[{\"added\": {}}]"}}, {"model": "admin.logentry", "pk": 34, "fields": {"action_time": "2017-06-16T14:40:21.031Z", "user": 1, "content_type": 10, "object_id": "6", "object_repr": "101509 Computer Organizarion And Architecture", "action_flag": 3, "change_message": ""}}, {"model": "admin.logentry", "pk": 35, "fields": {"action_time": "2017-06-16T14:40:21.165Z", "user": 1, "content_type": 10, "object_id": "5", "object_repr": "101509 Database Management", "action_flag": 3, "change_message": ""}}, {"model": "admin.logentry", "pk": 36, "fields": {"action_time": "2017-06-16T14:40:21.323Z", "user": 1, "content_type": 10, "object_id": "4", "object_repr": "101509 Analysis of Algorithms", "action_flag": 3, "change_message": ""}}, {"model": "admin.logentry", "pk": 37, "fields": {"action_time": "2017-06-16T14:40:21.493Z", "user": 1, "content_type": 10, "object_id": "3", "object_repr": "101509 Theoratical Computer Science", "action_flag": 3, "change_message": ""}}, {"model": "admin.logentry", "pk": 38, "fields": {"action_time": "2017-06-16T14:40:21.666Z", "user": 1, "content_type": 10, "object_id": "2", "object_repr": "101509 Computer Graphics", "action_flag": 3, "change_message": ""}}, {"model": "admin.logentry", "pk": 39, "fields": {"action_time": "2017-06-16T14:40:21.821Z", "user": 1, "content_type": 10, "object_id": "1", "object_repr": "101509 Applied Mathematics - IV", "action_flag": 3, "change_message": ""}}, {"model": "admin.logentry", "pk": 40, "fields": {"action_time": "2017-06-16T14:41:54.085Z", "user": 1, "content_type": 10, "object_id": "7", "object_repr": "101509 Applied Mathematics - IV", "action_flag": 1, "change_message": "[{\"added\": {}}]"}}, {"model": "admin.logentry", "pk": 41, "fields": {"action_time": "2017-06-16T14:42:09.235Z", "user": 1, "content_type": 11, "object_id": "7", "object_repr": "101509 Applied Mathematics - IV", "action_flag": 1, "change_message": "[{\"added\": {}}]"}}, {"model": "admin.logentry", "pk": 42, "fields": {"action_time": "2017-06-16T14:42:21.331Z", "user": 1, "content_type": 12, "object_id": "6", "object_repr": "101509 Applied Mathematics - IV", "action_flag": 1, "change_message": "[{\"added\": {}}]"}}, {"model": "admin.logentry", "pk": 43, "fields": {"action_time": "2017-06-16T14:58:50.697Z", "user": 1, "content_type": 10, "object_id": "8", "object_repr": "101509 Computer Graphics", "action_flag": 1, "change_message": "[{\"added\": {}}]"}}, {"model": "admin.logentry", "pk": 44, "fields": {"action_time": "2017-06-16T14:59:02.305Z", "user": 1, "content_type": 11, "object_id": "8", "object_repr": "101509 Computer Graphics", "action_flag": 1, "change_message": "[{\"added\": {}}]"}}, {"model": "admin.logentry", "pk": 45, "fields": {"action_time": "2017-06-16T14:59:13.187Z", "user": 1, "content_type": 12, "object_id": "7", "object_repr": "101509 Computer Graphics", "action_flag": 1, "change_message": "[{\"added\": {}}]"}}, {"model": "admin.logentry", "pk": 46, "fields": {"action_time": "2017-06-29T10:07:46.606Z", "user": 1, "content_type": 10, "object_id": "9", "object_repr": "101509 Theoratical Computer Science", "action_flag": 1, "change_message": "[{\"added\": {}}]"}}, {"model": "admin.logentry", "pk": 47, "fields": {"action_time": "2017-06-29T10:08:06.064Z", "user": 1, "content_type": 11, "object_id": "9", "object_repr": "101509 Theoratical Computer Science", "action_flag": 1, "change_message": "[{\"added\": {}}]"}}, {"model": "admin.logentry", "pk": 48, "fields": {"action_time": "2017-06-29T10:08:36.088Z", "user": 1, "content_type": 10, "object_id": "10", "object_repr": "101509 Database Management", "action_flag": 1, "change_message": "[{\"added\": {}}]"}}, {"model": "admin.logentry", "pk": 49, "fields": {"action_time": "2017-06-29T10:08:41.867Z", "user": 1, "content_type": 11, "object_id": "10", "object_repr": "101509 Database Management", "action_flag": 1, "change_message": "[{\"added\": {}}]"}}, {"model": "admin.logentry", "pk": 50, "fields": {"action_time": "2017-06-29T10:08:57.336Z", "user": 1, "content_type": 10, "object_id": "11", "object_repr": "101509 Analysis of Algorithms", "action_flag": 1, "change_message": "[{\"added\": {}}]"}}, {"model": "admin.logentry", "pk": 51, "fields": {"action_time": "2017-06-29T10:09:03.933Z", "user": 1, "content_type": 11, "object_id": "11", "object_repr": "101509 Analysis of Algorithms", "action_flag": 1, "change_message": "[{\"added\": {}}]"}}, {"model": "admin.logentry", "pk": 52, "fields": {"action_time": "2017-06-29T10:09:57.178Z", "user": 1, "content_type": 10, "object_id": "12", "object_repr": "101509 Computer Organizarion And Architecture", "action_flag": 1, "change_message": "[{\"added\": {}}]"}}, {"model": "admin.logentry", "pk": 53, "fields": {"action_time": "2017-06-29T10:10:04.346Z", "user": 1, "content_type": 11, "object_id": "12", "object_repr": "101509 Computer Organizarion And Architecture", "action_flag": 1, "change_message": "[{\"added\": {}}]"}}, {"model": "admin.logentry", "pk": 54, "fields": {"action_time": "2017-06-29T10:10:33.705Z", "user": 1, "content_type": 10, "object_id": "13", "object_repr": "101509 Analysis of Algorithms", "action_flag": 1, "change_message": "[{\"added\": {}}]"}}, {"model": "admin.logentry", "pk": 55, "fields": {"action_time": "2017-06-29T10:10:38.810Z", "user": 1, "content_type": 12, "object_id": "8", "object_repr": "101509 Analysis of Algorithms", "action_flag": 1, "change_message": "[{\"added\": {}}]"}}, {"model": "admin.logentry", "pk": 56, "fields": {"action_time": "2017-06-29T10:12:45.059Z", "user": 1, "content_type": 12, "object_id": "9", "object_repr": "101509 Database Management", "action_flag": 1, "change_message": "[{\"added\": {}}]"}}, {"model": "admin.logentry", "pk": 57, "fields": {"action_time": "2017-06-29T10:13:02.625Z", "user": 1, "content_type": 12, "object_id": "10", "object_repr": "101509 Computer Organizarion And Architecture", "action_flag": 1, "change_message": "[{\"added\": {}}]"}}, {"model": "admin.logentry", "pk": 58, "fields": {"action_time": "2017-06-29T10:19:11.684Z", "user": 1, "content_type": 12, "object_id": "11", "object_repr": "101509 Theoratical Computer Science", "action_flag": 1, "change_message": "[{\"added\": {}}]"}}, {"model": "admin.logentry", "pk": 59, "fields": {"action_time": "2017-06-29T10:24:51.371Z", "user": 1, "content_type": 12, "object_id": "8", "object_repr": "101509 Analysis of Algorithms", "action_flag": 3, "change_message": ""}}, {"model": "admin.logentry", "pk": 60, "fields": {"action_time": "2017-06-29T10:25:06.425Z", "user": 1, "content_type": 11, "object_id": "11", "object_repr": "101509 Analysis of Algorithms", "action_flag": 3, "change_message": ""}}, {"model": "admin.logentry", "pk": 61, "fields": {"action_time": "2017-06-29T10:34:44.622Z", "user": 1, "content_type": 10, "object_id": "13", "object_repr": "101509 Analysis of Algorithms", "action_flag": 3, "change_message": ""}}, {"model": "admin.logentry", "pk": 62, "fields": {"action_time": "2017-06-29T10:34:44.742Z", "user": 1, "content_type": 10, "object_id": "11", "object_repr": "101509 Analysis of Algorithms", "action_flag": 3, "change_message": ""}}, {"model": "admin.logentry", "pk": 63, "fields": {"action_time": "2017-06-29T10:34:55.002Z", "user": 1, "content_type": 10, "object_id": "14", "object_repr": "101509 Analysis of Algorithms", "action_flag": 1, "change_message": "[{\"added\": {}}]"}}, {"model": "admin.logentry", "pk": 64, "fields": {"action_time": "2017-06-29T10:35:59.241Z", "user": 1, "content_type": 12, "object_id": "12", "object_repr": "101509 Analysis of Algorithms", "action_flag": 1, "change_message": "[{\"added\": {}}]"}}, {"model": "admin.logentry", "pk": 65, "fields": {"action_time": "2017-06-29T10:36:15.503Z", "user": 1, "content_type": 11, "object_id": "13", "object_repr": "101509 Analysis of Algorithms", "action_flag": 1, "change_message": "[{\"added\": {}}]"}}, {"model": "admin.logentry", "pk": 66, "fields": {"action_time": "2017-06-30T07:22:40.336Z", "user": 1, "content_type": 7, "object_id": "2", "object_repr": "101510", "action_flag": 1, "change_message": "[{\"added\": {}}]"}}, {"model": "admin.logentry", "pk": 67, "fields": {"action_time": "2017-06-30T07:22:42.904Z", "user": 1, "content_type": 8, "object_id": "2", "object_repr": "101510", "action_flag": 1, "change_message": "[{\"added\": {}}]"}}, {"model": "admin.logentry", "pk": 68, "fields": {"action_time": "2017-06-30T07:23:08.311Z", "user": 1, "content_type": 10, "object_id": "15", "object_repr": "101510 Applied Mathematics - IV", "action_flag": 1, "change_message": "[{\"added\": {}}]"}}, {"model": "admin.logentry", "pk": 69, "fields": {"action_time": "2017-06-30T07:24:08.423Z", "user": 1, "content_type": 11, "object_id": "14", "object_repr": "101510 Applied Mathematics - IV", "action_flag": 1, "change_message": "[{\"added\": {}}]"}}, {"model": "admin.logentry", "pk": 70, "fields": {"action_time": "2017-06-30T07:24:29.373Z", "user": 1, "content_type": 10, "object_id": "16", "object_repr": "101510 Computer Graphics", "action_flag": 1, "change_message": "[{\"added\": {}}]"}}, {"model": "admin.logentry", "pk": 71, "fields": {"action_time": "2017-06-30T07:24:34.748Z", "user": 1, "content_type": 11, "object_id": "15", "object_repr": "101510 Computer Graphics", "action_flag": 1, "change_message": "[{\"added\": {}}]"}}, {"model": "admin.logentry", "pk": 72, "fields": {"action_time": "2017-06-30T07:24:56.714Z", "user": 1, "content_type": 10, "object_id": "17", "object_repr": "101510 Theoratical Computer Science", "action_flag": 1, "change_message": "[{\"added\": {}}]"}}, {"model": "admin.logentry", "pk": 73, "fields": {"action_time": "2017-06-30T07:25:03.259Z", "user": 1, "content_type": 11, "object_id": "16", "object_repr": "101510 Theoratical Computer Science", "action_flag": 1, "change_message": "[{\"added\": {}}]"}}, {"model": "admin.logentry", "pk": 74, "fields": {"action_time": "2017-06-30T07:25:39.504Z", "user": 1, "content_type": 10, "object_id": "18", "object_repr": "101510 Analysis of Algorithms", "action_flag": 1, "change_message": "[{\"added\": {}}]"}}, {"model": "admin.logentry", "pk": 75, "fields": {"action_time": "2017-06-30T07:25:46.124Z", "user": 1, "content_type": 11, "object_id": "17", "object_repr": "101510 Analysis of Algorithms", "action_flag": 1, "change_message": "[{\"added\": {}}]"}}, {"model": "admin.logentry", "pk": 76, "fields": {"action_time": "2017-06-30T07:26:04.278Z", "user": 1, "content_type": 10, "object_id": "19", "object_repr": "101510 Database Management", "action_flag": 1, "change_message": "[{\"added\": {}}]"}}, {"model": "admin.logentry", "pk": 77, "fields": {"action_time": "2017-06-30T07:26:11.714Z", "user": 1, "content_type": 11, "object_id": "18", "object_repr": "101510 Database Management", "action_flag": 1, "change_message": "[{\"added\": {}}]"}}, {"model": "admin.logentry", "pk": 78, "fields": {"action_time": "2017-06-30T07:26:31.234Z", "user": 1, "content_type": 10, "object_id": "20", "object_repr": "101510 Computer Organizarion And Architecture", "action_flag": 1, "change_message": "[{\"added\": {}}]"}}, {"model": "admin.logentry", "pk": 79, "fields": {"action_time": "2017-06-30T07:26:37.240Z", "user": 1, "content_type": 11, "object_id": "19", "object_repr": "101510 Computer Organizarion And Architecture", "action_flag": 1, "change_message": "[{\"added\": {}}]"}}, {"model": "admin.logentry", "pk": 80, "fields": {"action_time": "2017-06-30T07:27:10.178Z", "user": 1, "content_type": 12, "object_id": "13", "object_repr": "101510 Applied Mathematics - IV", "action_flag": 1, "change_message": "[{\"added\": {}}]"}}, {"model": "admin.logentry", "pk": 81, "fields": {"action_time": "2017-06-30T07:27:36.469Z", "user": 1, "content_type": 12, "object_id": "14", "object_repr": "101510 Computer Graphics", "action_flag": 1, "change_message": "[{\"added\": {}}]"}}, {"model": "admin.logentry", "pk": 82, "fields": {"action_time": "2017-06-30T07:27:50.288Z", "user": 1, "content_type": 12, "object_id": "15", "object_repr": "101510 Theoratical Computer Science", "action_flag": 1, "change_message": "[{\"added\": {}}]"}}, {"model": "admin.logentry", "pk": 83, "fields": {"action_time": "2017-06-30T07:28:16.165Z", "user": 1, "content_type": 12, "object_id": "15", "object_repr": "101510 Theoratical Computer Science", "action_flag": 2, "change_message": "[{\"changed\": {\"fields\": [\"actual\", \"total\"]}}]"}}, {"model": "admin.logentry", "pk": 84, "fields": {"action_time": "2017-06-30T07:28:33.808Z", "user": 1, "content_type": 12, "object_id": "16", "object_repr": "101510 Analysis of Algorithms", "action_flag": 1, "change_message": "[{\"added\": {}}]"}}, {"model": "admin.logentry", "pk": 85, "fields": {"action_time": "2017-06-30T07:28:42.362Z", "user": 1, "content_type": 12, "object_id": "17", "object_repr": "101510 Database Management", "action_flag": 1, "change_message": "[{\"added\": {}}]"}}, {"model": "admin.logentry", "pk": 86, "fields": {"action_time": "2017-06-30T07:28:55.910Z", "user": 1, "content_type": 12, "object_id": "18", "object_repr": "101510 Computer Organizarion And Architecture", "action_flag": 1, "change_message": "[{\"added\": {}}]"}}, {"model": "admin.logentry", "pk": 87, "fields": {"action_time": "2017-07-04T12:16:52.584Z", "user": 1, "content_type": 11, "object_id": "19", "object_repr": "101510 Computer Organizarion And Architecture", "action_flag": 2, "change_message": "[{\"changed\": {\"fields\": [\"total\"]}}]"}}, {"model": "admin.logentry", "pk": 88, "fields": {"action_time": "2017-07-04T12:16:59.794Z", "user": 1, "content_type": 11, "object_id": "18", "object_repr": "101510 Database Management", "action_flag": 2, "change_message": "[{\"changed\": {\"fields\": [\"total\"]}}]"}}, {"model": "admin.logentry", "pk": 89, "fields": {"action_time": "2017-07-04T12:17:04.597Z", "user": 1, "content_type": 11, "object_id": "17", "object_repr": "101510 Analysis of Algorithms", "action_flag": 2, "change_message": "[]"}}, {"model": "admin.logentry", "pk": 90, "fields": {"action_time": "2017-07-04T12:17:12.912Z", "user": 1, "content_type": 11, "object_id": "16", "object_repr": "101510 Theoratical Computer Science", "action_flag": 2, "change_message": "[{\"changed\": {\"fields\": [\"total\"]}}]"}}, {"model": "admin.logentry", "pk": 91, "fields": {"action_time": "2017-07-04T12:17:22.412Z", "user": 1, "content_type": 11, "object_id": "15", "object_repr": "101510 Computer Graphics", "action_flag": 2, "change_message": "[{\"changed\": {\"fields\": [\"total\"]}}]"}}, {"model": "admin.logentry", "pk": 92, "fields": {"action_time": "2017-07-04T12:17:29.317Z", "user": 1, "content_type": 11, "object_id": "14", "object_repr": "101510 Applied Mathematics - IV", "action_flag": 2, "change_message": "[{\"changed\": {\"fields\": [\"total\"]}}]"}}, {"model": "admin.logentry", "pk": 93, "fields": {"action_time": "2017-07-04T12:17:42.100Z", "user": 1, "content_type": 11, "object_id": "14", "object_repr": "101510 Applied Mathematics - IV", "action_flag": 2, "change_message": "[]"}}, {"model": "admin.logentry", "pk": 94, "fields": {"action_time": "2017-07-04T12:18:30.165Z", "user": 1, "content_type": 12, "object_id": "18", "object_repr": "101510 Computer Organizarion And Architecture", "action_flag": 2, "change_message": "[{\"changed\": {\"fields\": [\"total\"]}}]"}}, {"model": "admin.logentry", "pk": 95, "fields": {"action_time": "2017-07-04T12:18:36.682Z", "user": 1, "content_type": 12, "object_id": "17", "object_repr": "101510 Database Management", "action_flag": 2, "change_message": "[]"}}, {"model": "admin.logentry", "pk": 96, "fields": {"action_time": "2017-07-04T12:18:43.182Z", "user": 1, "content_type": 12, "object_id": "13", "object_repr": "101510 Applied Mathematics - IV", "action_flag": 2, "change_message": "[{\"changed\": {\"fields\": [\"total\"]}}]"}}, {"model": "admin.logentry", "pk": 97, "fields": {"action_time": "2017-07-04T12:19:02.584Z", "user": 1, "content_type": 12, "object_id": "14", "object_repr": "101510 Computer Graphics", "action_flag": 2, "change_message": "[{\"changed\": {\"fields\": [\"total\"]}}]"}}, {"model": "admin.logentry", "pk": 98, "fields": {"action_time": "2017-07-06T10:47:20.762Z", "user": 1, "content_type": 9, "object_id": "7", "object_repr": "Database Warehousing and Management", "action_flag": 1, "change_message": "[{\"added\": {}}]"}}, {"model": "admin.logentry", "pk": 99, "fields": {"action_time": "2017-07-06T10:48:06.343Z", "user": 1, "content_type": 9, "object_id": "8", "object_repr": "Human Machine Interaction", "action_flag": 1, "change_message": "[{\"added\": {}}]"}}, {"model": "admin.logentry", "pk": 100, "fields": {"action_time": "2017-07-06T10:49:27.408Z", "user": 1, "content_type": 9, "object_id": "9", "object_repr": "P Dsomething Something", "action_flag": 1, "change_message": "[{\"added\": {}}]"}}, {"model": "admin.logentry", "pk": 101, "fields": {"action_time": "2017-07-06T10:49:54.911Z", "user": 1, "content_type": 9, "object_id": "10", "object_repr": "BDA", "action_flag": 1, "change_message": "[{\"added\": {}}]"}}, {"model": "admin.logentry", "pk": 102, "fields": {"action_time": "2017-07-06T10:50:16.546Z", "user": 1, "content_type": 9, "object_id": "11", "object_repr": "BDA", "action_flag": 1, "change_message": "[{\"added\": {}}]"}}, {"model": "admin.logentry", "pk": 103, "fields": {"action_time": "2017-07-06T10:50:29.544Z", "user": 1, "content_type": 9, "object_id": "11", "object_repr": "BDA", "action_flag": 3, "change_message": ""}}, {"model": "admin.logentry", "pk": 104, "fields": {"action_time": "2017-07-06T10:51:09.641Z", "user": 1, "content_type": 9, "object_id": "12", "object_repr": "Cloud Computing", "action_flag": 1, "change_message": "[{\"added\": {}}]"}}, {"model": "admin.logentry", "pk": 105, "fields": {"action_time": "2017-07-06T10:52:18.810Z", "user": 1, "content_type": 7, "object_id": "3", "object_repr": "101302", "action_flag": 1, "change_message": "[{\"added\": {}}]"}}, {"model": "admin.logentry", "pk": 106, "fields": {"action_time": "2017-07-06T10:54:32.702Z", "user": 1, "content_type": 7, "object_id": "4", "object_repr": "101303", "action_flag": 1, "change_message": "[{\"added\": {}}]"}}, {"model": "admin.logentry", "pk": 107, "fields": {"action_time": "2017-07-06T10:55:48.724Z", "user": 1, "content_type": 7, "object_id": "5", "object_repr": "101304", "action_flag": 1, "change_message": "[{\"added\": {}}]"}}, {"model": "admin.logentry", "pk": 108, "fields": {"action_time": "2017-07-06T10:56:34.302Z", "user": 1, "content_type": 7, "object_id": "6", "object_repr": "10305", "action_flag": 1, "change_message": "[{\"added\": {}}]"}}, {"model": "admin.logentry", "pk": 109, "fields": {"action_time": "2017-07-06T10:57:17.033Z", "user": 1, "content_type": 7, "object_id": "7", "object_repr": "10307", "action_flag": 1, "change_message": "[{\"added\": {}}]"}}, {"model": "admin.logentry", "pk": 110, "fields": {"action_time": "2017-07-06T10:58:02.532Z", "user": 1, "content_type": 7, "object_id": "8", "object_repr": "101309", "action_flag": 1, "change_message": "[{\"added\": {}}]"}}, {"model": "admin.logentry", "pk": 111, "fields": {"action_time": "2017-07-06T10:58:19.783Z", "user": 1, "content_type": 7, "object_id": "9", "object_repr": "101310", "action_flag": 1, "change_message": "[{\"added\": {}}]"}}, {"model": "admin.logentry", "pk": 112, "fields": {"action_time": "2017-07-06T10:58:36.003Z", "user": 1, "content_type": 7, "object_id": "10", "object_repr": "101319", "action_flag": 1, "change_message": "[{\"added\": {}}]"}}, {"model": "admin.logentry", "pk": 113, "fields": {"action_time": "2017-07-06T10:59:28.359Z", "user": 1, "content_type": 7, "object_id": "10", "object_repr": "101313", "action_flag": 2, "change_message": "[{\"changed\": {\"fields\": [\"roll_no\"]}}]"}}, {"model": "admin.logentry", "pk": 114, "fields": {"action_time": "2017-07-06T10:59:57.167Z", "user": 1, "content_type": 7, "object_id": "11", "object_repr": "101319", "action_flag": 1, "change_message": "[{\"added\": {}}]"}}, {"model": "admin.logentry", "pk": 115, "fields": {"action_time": "2017-07-06T11:00:21.825Z", "user": 1, "content_type": 7, "object_id": "12", "object_repr": "10320", "action_flag": 1, "change_message": "[{\"added\": {}}]"}}, {"model": "admin.logentry", "pk": 116, "fields": {"action_time": "2017-07-06T11:00:48.140Z", "user": 1, "content_type": 7, "object_id": "13", "object_repr": "101322", "action_flag": 1, "change_message": "[{\"added\": {}}]"}}, {"model": "admin.logentry", "pk": 117, "fields": {"action_time": "2017-07-06T11:01:34.552Z", "user": 1, "content_type": 7, "object_id": "14", "object_repr": "101323", "action_flag": 1, "change_message": "[{\"added\": {}}]"}}, {"model": "admin.logentry", "pk": 118, "fields": {"action_time": "2017-07-06T11:01:55.356Z", "user": 1, "content_type": 7, "object_id": "15", "object_repr": "101324", "action_flag": 1, "change_message": "[{\"added\": {}}]"}}, {"model": "admin.logentry", "pk": 119, "fields": {"action_time": "2017-07-06T11:02:34.001Z", "user": 1, "content_type": 7, "object_id": "16", "object_repr": "101328", "action_flag": 1, "change_message": "[{\"added\": {}}]"}}, {"model": "admin.logentry", "pk": 120, "fields": {"action_time": "2017-07-06T11:03:08.098Z", "user": 1, "content_type": 7, "object_id": "17", "object_repr": "101332", "action_flag": 1, "change_message": "[{\"added\": {}}]"}}, {"model": "admin.logentry", "pk": 121, "fields": {"action_time": "2017-07-06T11:03:26.607Z", "user": 1, "content_type": 7, "object_id": "18", "object_repr": "101333", "action_flag": 1, "change_message": "[{\"added\": {}}]"}}, {"model": "admin.logentry", "pk": 122, "fields": {"action_time": "2017-07-06T11:03:59.435Z", "user": 1, "content_type": 7, "object_id": "19", "object_repr": "101334", "action_flag": 1, "change_message": "[{\"added\": {}}]"}}, {"model": "admin.logentry", "pk": 123, "fields": {"action_time": "2017-07-06T11:04:28.452Z", "user": 1, "content_type": 7, "object_id": "20", "object_repr": "101335", "action_flag": 1, "change_message": "[{\"added\": {}}]"}}, {"model": "admin.logentry", "pk": 124, "fields": {"action_time": "2017-07-06T11:05:22.761Z", "user": 1, "content_type": 7, "object_id": "21", "object_repr": "101336", "action_flag": 1, "change_message": "[{\"added\": {}}]"}}, {"model": "admin.logentry", "pk": 125, "fields": {"action_time": "2017-07-06T11:05:40.546Z", "user": 1, "content_type": 7, "object_id": "22", "object_repr": "101337", "action_flag": 1, "change_message": "[{\"added\": {}}]"}}, {"model": "admin.logentry", "pk": 126, "fields": {"action_time": "2017-07-06T11:06:11.009Z", "user": 1, "content_type": 7, "object_id": "23", "object_repr": "101339", "action_flag": 1, "change_message": "[{\"added\": {}}]"}}, {"model": "admin.logentry", "pk": 127, "fields": {"action_time": "2017-07-06T11:06:30.302Z", "user": 1, "content_type": 7, "object_id": "24", "object_repr": "101340", "action_flag": 1, "change_message": "[{\"added\": {}}]"}}, {"model": "admin.logentry", "pk": 128, "fields": {"action_time": "2017-07-06T11:06:36.680Z", "user": 6, "content_type": 13, "object_id": "8", "object_repr": "Database Warehousing and Management", "action_flag": 1, "change_message": "[{\"added\": {}}]"}}, {"model": "admin.logentry", "pk": 129, "fields": {"action_time": "2017-07-06T11:06:46.003Z", "user": 6, "content_type": 13, "object_id": "9", "object_repr": "Human Machine Interaction", "action_flag": 1, "change_message": "[{\"added\": {}}]"}}, {"model": "admin.logentry", "pk": 130, "fields": {"action_time": "2017-07-06T11:06:51.198Z", "user": 1, "content_type": 7, "object_id": "25", "object_repr": "101341", "action_flag": 1, "change_message": "[{\"added\": {}}]"}}, {"model": "admin.logentry", "pk": 131, "fields": {"action_time": "2017-07-06T11:06:55.882Z", "user": 6, "content_type": 13, "object_id": "10", "object_repr": "P Dsomething Something", "action_flag": 1, "change_message": "[{\"added\": {}}]"}}, {"model": "admin.logentry", "pk": 132, "fields": {"action_time": "2017-07-06T11:07:08.428Z", "user": 6, "content_type": 13, "object_id": "11", "object_repr": "BDA", "action_flag": 1, "change_message": "[{\"added\": {}}]"}}, {"model": "admin.logentry", "pk": 133, "fields": {"action_time": "2017-07-06T11:07:09.393Z", "user": 1, "content_type": 7, "object_id": "26", "object_repr": "101342", "action_flag": 1, "change_message": "[{\"added\": {}}]"}}, {"model": "admin.logentry", "pk": 134, "fields": {"action_time": "2017-07-06T11:07:28.946Z", "user": 6, "content_type": 13, "object_id": "12", "object_repr": "Cloud Computing", "action_flag": 1, "change_message": "[{\"added\": {}}]"}}, {"model": "admin.logentry", "pk": 135, "fields": {"action_time": "2017-07-06T11:07:41.253Z", "user": 1, "content_type": 7, "object_id": "27", "object_repr": "101346", "action_flag": 1, "change_message": "[{\"added\": {}}]"}}, {"model": "admin.logentry", "pk": 136, "fields": {"action_time": "2017-07-06T11:08:03.792Z", "user": 1, "content_type": 7, "object_id": "28", "object_repr": "101347", "action_flag": 1, "change_message": "[{\"added\": {}}]"}}, {"model": "admin.logentry", "pk": 137, "fields": {"action_time": "2017-07-06T11:09:26.334Z", "user": 1, "content_type": 7, "object_id": "29", "object_repr": "101348", "action_flag": 1, "change_message": "[{\"added\": {}}]"}}, {"model": "admin.logentry", "pk": 138, "fields": {"action_time": "2017-07-06T11:09:43.877Z", "user": 1, "content_type": 7, "object_id": "30", "object_repr": "101349", "action_flag": 1, "change_message": "[{\"added\": {}}]"}}, {"model": "admin.logentry", "pk": 139, "fields": {"action_time": "2017-07-06T11:10:06.006Z", "user": 1, "content_type": 7, "object_id": "31", "object_repr": "101351", "action_flag": 1, "change_message": "[{\"added\": {}}]"}}, {"model": "admin.logentry", "pk": 140, "fields": {"action_time": "2017-07-06T11:10:41.595Z", "user": 1, "content_type": 7, "object_id": "32", "object_repr": "101353", "action_flag": 1, "change_message": "[{\"added\": {}}]"}}, {"model": "admin.logentry", "pk": 141, "fields": {"action_time": "2017-07-06T11:11:31.325Z", "user": 1, "content_type": 7, "object_id": "33", "object_repr": "101354", "action_flag": 1, "change_message": "[{\"added\": {}}]"}}, {"model": "admin.logentry", "pk": 142, "fields": {"action_time": "2017-07-06T11:11:45.780Z", "user": 1, "content_type": 7, "object_id": "34", "object_repr": "101357", "action_flag": 1, "change_message": "[{\"added\": {}}]"}}, {"model": "admin.logentry", "pk": 143, "fields": {"action_time": "2017-07-06T11:12:01.563Z", "user": 1, "content_type": 7, "object_id": "35", "object_repr": "101358", "action_flag": 1, "change_message": "[{\"added\": {}}]"}}, {"model": "admin.logentry", "pk": 144, "fields": {"action_time": "2017-07-06T11:12:49.737Z", "user": 1, "content_type": 7, "object_id": "36", "object_repr": "101359", "action_flag": 1, "change_message": "[{\"added\": {}}]"}}, {"model": "admin.logentry", "pk": 145, "fields": {"action_time": "2017-07-06T11:13:03.429Z", "user": 1, "content_type": 7, "object_id": "37", "object_repr": "101364", "action_flag": 1, "change_message": "[{\"added\": {}}]"}}, {"model": "admin.logentry", "pk": 146, "fields": {"action_time": "2017-07-06T11:13:24.079Z", "user": 1, "content_type": 7, "object_id": "38", "object_repr": "101365", "action_flag": 1, "change_message": "[{\"added\": {}}]"}}, {"model": "admin.logentry", "pk": 147, "fields": {"action_time": "2017-07-06T11:13:37.293Z", "user": 1, "content_type": 7, "object_id": "39", "object_repr": "101366", "action_flag": 1, "change_message": "[{\"added\": {}}]"}}, {"model": "admin.logentry", "pk": 148, "fields": {"action_time": "2017-07-06T11:13:52.392Z", "user": 1, "content_type": 7, "object_id": "40", "object_repr": "101367", "action_flag": 1, "change_message": "[{\"added\": {}}]"}}, {"model": "admin.logentry", "pk": 149, "fields": {"action_time": "2017-07-06T11:14:03.438Z", "user": 1, "content_type": 7, "object_id": "12", "object_repr": "101320", "action_flag": 2, "change_message": "[{\"changed\": {\"fields\": [\"roll_no\"]}}]"}}, {"model": "admin.logentry", "pk": 150, "fields": {"action_time": "2017-07-06T11:14:08.781Z", "user": 1, "content_type": 7, "object_id": "41", "object_repr": "101369", "action_flag": 1, "change_message": "[{\"added\": {}}]"}}, {"model": "admin.logentry", "pk": 151, "fields": {"action_time": "2017-07-06T11:14:17.597Z", "user": 1, "content_type": 7, "object_id": "42", "object_repr": "101371", "action_flag": 1, "change_message": "[{\"added\": {}}]"}}, {"model": "admin.logentry", "pk": 152, "fields": {"action_time": "2017-07-06T11:14:18.518Z", "user": 1, "content_type": 7, "object_id": "7", "object_repr": "101307", "action_flag": 2, "change_message": "[{\"changed\": {\"fields\": [\"roll_no\"]}}]"}}, {"model": "admin.logentry", "pk": 153, "fields": {"action_time": "2017-07-06T11:14:35.053Z", "user": 1, "content_type": 7, "object_id": "6", "object_repr": "101305", "action_flag": 2, "change_message": "[{\"changed\": {\"fields\": [\"roll_no\"]}}]"}}, {"model": "admin.logentry", "pk": 154, "fields": {"action_time": "2017-07-06T11:14:37.112Z", "user": 1, "content_type": 7, "object_id": "43", "object_repr": "101372", "action_flag": 1, "change_message": "[{\"added\": {}}]"}}, {"model": "admin.logentry", "pk": 155, "fields": {"action_time": "2017-07-06T11:14:55.347Z", "user": 1, "content_type": 7, "object_id": "44", "object_repr": "101373", "action_flag": 1, "change_message": "[{\"added\": {}}]"}}, {"model": "admin.logentry", "pk": 156, "fields": {"action_time": "2017-07-06T11:15:08.602Z", "user": 1, "content_type": 7, "object_id": "45", "object_repr": "101374", "action_flag": 1, "change_message": "[{\"added\": {}}]"}}, {"model": "admin.logentry", "pk": 157, "fields": {"action_time": "2017-07-06T11:15:29.963Z", "user": 1, "content_type": 7, "object_id": "46", "object_repr": "101375", "action_flag": 1, "change_message": "[{\"added\": {}}]"}}, {"model": "admin.logentry", "pk": 158, "fields": {"action_time": "2017-07-06T11:15:39.857Z", "user": 1, "content_type": 8, "object_id": "3", "object_repr": "101302", "action_flag": 1, "change_message": "[{\"added\": {}}]"}}, {"model": "admin.logentry", "pk": 159, "fields": {"action_time": "2017-07-06T11:15:45.228Z", "user": 1, "content_type": 8, "object_id": "4", "object_repr": "101303", "action_flag": 1, "change_message": "[{\"added\": {}}]"}}, {"model": "admin.logentry", "pk": 160, "fields": {"action_time": "2017-07-06T11:15:59.838Z", "user": 1, "content_type": 8, "object_id": "5", "object_repr": "101304", "action_flag": 1, "change_message": "[{\"added\": {}}]"}}, {"model": "admin.logentry", "pk": 161, "fields": {"action_time": "2017-07-06T11:16:00.889Z", "user": 1, "content_type": 7, "object_id": "47", "object_repr": "101376", "action_flag": 1, "change_message": "[{\"added\": {}}]"}}, {"model": "admin.logentry", "pk": 162, "fields": {"action_time": "2017-07-06T11:16:04.528Z", "user": 1, "content_type": 8, "object_id": "6", "object_repr": "101305", "action_flag": 1, "change_message": "[{\"added\": {}}]"}}, {"model": "admin.logentry", "pk": 163, "fields": {"action_time": "2017-07-06T11:16:11.178Z", "user": 1, "content_type": 8, "object_id": "7", "object_repr": "101307", "action_flag": 1, "change_message": "[{\"added\": {}}]"}}, {"model": "admin.logentry", "pk": 164, "fields": {"action_time": "2017-07-06T11:16:15.781Z", "user": 1, "content_type": 8, "object_id": "8", "object_repr": "101309", "action_flag": 1, "change_message": "[{\"added\": {}}]"}}, {"model": "admin.logentry", "pk": 165, "fields": {"action_time": "2017-07-06T11:16:20.356Z", "user": 1, "content_type": 8, "object_id": "9", "object_repr": "101310", "action_flag": 1, "change_message": "[{\"added\": {}}]"}}, {"model": "admin.logentry", "pk": 166, "fields": {"action_time": "2017-07-06T11:16:24.202Z", "user": 1, "content_type": 8, "object_id": "10", "object_repr": "101313", "action_flag": 1, "change_message": "[{\"added\": {}}]"}}, {"model": "admin.logentry", "pk": 167, "fields": {"action_time": "2017-07-06T11:16:25.087Z", "user": 1, "content_type": 7, "object_id": "48", "object_repr": "101377", "action_flag": 1, "change_message": "[{\"added\": {}}]"}}, {"model": "admin.logentry", "pk": 168, "fields": {"action_time": "2017-07-06T11:16:54.055Z", "user": 1, "content_type": 7, "object_id": "49", "object_repr": "101234", "action_flag": 1, "change_message": "[{\"added\": {}}]"}}, {"model": "admin.logentry", "pk": 169, "fields": {"action_time": "2017-07-06T11:17:19.754Z", "user": 1, "content_type": 8, "object_id": "11", "object_repr": "101319", "action_flag": 1, "change_message": "[{\"added\": {}}]"}}, {"model": "admin.logentry", "pk": 170, "fields": {"action_time": "2017-07-06T11:17:20.001Z", "user": 1, "content_type": 7, "object_id": "50", "object_repr": "101108", "action_flag": 1, "change_message": "[{\"added\": {}}]"}}, {"model": "admin.logentry", "pk": 171, "fields": {"action_time": "2017-07-06T11:17:30.903Z", "user": 1, "content_type": 8, "object_id": "12", "object_repr": "101320", "action_flag": 1, "change_message": "[{\"added\": {}}]"}}, {"model": "admin.logentry", "pk": 172, "fields": {"action_time": "2017-07-06T11:17:36.451Z", "user": 1, "content_type": 8, "object_id": "13", "object_repr": "101322", "action_flag": 1, "change_message": "[{\"added\": {}}]"}}, {"model": "admin.logentry", "pk": 173, "fields": {"action_time": "2017-07-06T11:17:37.850Z", "user": 1, "content_type": 7, "object_id": "51", "object_repr": "101266", "action_flag": 1, "change_message": "[{\"added\": {}}]"}}, {"model": "admin.logentry", "pk": 174, "fields": {"action_time": "2017-07-06T11:17:43.127Z", "user": 1, "content_type": 8, "object_id": "14", "object_repr": "101323", "action_flag": 1, "change_message": "[{\"added\": {}}]"}}, {"model": "admin.logentry", "pk": 175, "fields": {"action_time": "2017-07-06T11:17:53.827Z", "user": 1, "content_type": 8, "object_id": "15", "object_repr": "101324", "action_flag": 1, "change_message": "[{\"added\": {}}]"}}, {"model": "admin.logentry", "pk": 176, "fields": {"action_time": "2017-07-06T11:18:28.213Z", "user": 1, "content_type": 8, "object_id": "16", "object_repr": "101328", "action_flag": 1, "change_message": "[{\"added\": {}}]"}}, {"model": "admin.logentry", "pk": 177, "fields": {"action_time": "2017-07-06T11:18:31.626Z", "user": 1, "content_type": 7, "object_id": "52", "object_repr": "101268", "action_flag": 1, "change_message": "[{\"added\": {}}]"}}, {"model": "admin.logentry", "pk": 178, "fields": {"action_time": "2017-07-06T11:18:38.819Z", "user": 1, "content_type": 8, "object_id": "17", "object_repr": "101332", "action_flag": 1, "change_message": "[{\"added\": {}}]"}}, {"model": "admin.logentry", "pk": 179, "fields": {"action_time": "2017-07-06T11:18:40.632Z", "user": 1, "content_type": 7, "object_id": "53", "object_repr": "101269", "action_flag": 1, "change_message": "[{\"added\": {}}]"}}, {"model": "admin.logentry", "pk": 180, "fields": {"action_time": "2017-07-06T11:18:46.971Z", "user": 1, "content_type": 8, "object_id": "18", "object_repr": "101333", "action_flag": 1, "change_message": "[{\"added\": {}}]"}}, {"model": "admin.logentry", "pk": 181, "fields": {"action_time": "2017-07-06T11:19:07.176Z", "user": 1, "content_type": 8, "object_id": "19", "object_repr": "101334", "action_flag": 1, "change_message": "[{\"added\": {}}]"}}, {"model": "admin.logentry", "pk": 182, "fields": {"action_time": "2017-07-06T11:19:30.310Z", "user": 1, "content_type": 7, "object_id": "54", "object_repr": "101301", "action_flag": 1, "change_message": "[{\"added\": {}}]"}}, {"model": "admin.logentry", "pk": 183, "fields": {"action_time": "2017-07-06T11:20:18.720Z", "user": 1, "content_type": 8, "object_id": "20", "object_repr": "101335", "action_flag": 1, "change_message": "[{\"added\": {}}]"}}, {"model": "admin.logentry", "pk": 184, "fields": {"action_time": "2017-07-06T11:20:28.223Z", "user": 1, "content_type": 8, "object_id": "21", "object_repr": "101336", "action_flag": 1, "change_message": "[{\"added\": {}}]"}}, {"model": "admin.logentry", "pk": 185, "fields": {"action_time": "2017-07-06T11:20:31.400Z", "user": 1, "content_type": 7, "object_id": "55", "object_repr": "101306", "action_flag": 1, "change_message": "[{\"added\": {}}]"}}, {"model": "admin.logentry", "pk": 186, "fields": {"action_time": "2017-07-06T11:21:20.440Z", "user": 1, "content_type": 8, "object_id": "22", "object_repr": "101337", "action_flag": 1, "change_message": "[{\"added\": {}}]"}}, {"model": "admin.logentry", "pk": 187, "fields": {"action_time": "2017-07-06T11:21:22.468Z", "user": 1, "content_type": 7, "object_id": "56", "object_repr": "101308", "action_flag": 1, "change_message": "[{\"added\": {}}]"}}, {"model": "admin.logentry", "pk": 188, "fields": {"action_time": "2017-07-06T11:21:39.321Z", "user": 1, "content_type": 7, "object_id": "57", "object_repr": "101311", "action_flag": 1, "change_message": "[{\"added\": {}}]"}}, {"model": "admin.logentry", "pk": 189, "fields": {"action_time": "2017-07-06T11:21:49.003Z", "user": 1, "content_type": 8, "object_id": "23", "object_repr": "101339", "action_flag": 1, "change_message": "[{\"added\": {}}]"}}, {"model": "admin.logentry", "pk": 190, "fields": {"action_time": "2017-07-06T11:21:57.502Z", "user": 1, "content_type": 7, "object_id": "58", "object_repr": "101312", "action_flag": 1, "change_message": "[{\"added\": {}}]"}}, {"model": "admin.logentry", "pk": 191, "fields": {"action_time": "2017-07-06T11:22:07.678Z", "user": 1, "content_type": 8, "object_id": "24", "object_repr": "101340", "action_flag": 1, "change_message": "[{\"added\": {}}]"}}, {"model": "admin.logentry", "pk": 192, "fields": {"action_time": "2017-07-06T11:22:19.197Z", "user": 1, "content_type": 8, "object_id": "25", "object_repr": "101341", "action_flag": 1, "change_message": "[{\"added\": {}}]"}}, {"model": "admin.logentry", "pk": 193, "fields": {"action_time": "2017-07-06T11:22:25.292Z", "user": 1, "content_type": 7, "object_id": "59", "object_repr": "101314", "action_flag": 1, "change_message": "[{\"added\": {}}]"}}, {"model": "admin.logentry", "pk": 194, "fields": {"action_time": "2017-07-06T11:22:31.982Z", "user": 1, "content_type": 8, "object_id": "26", "object_repr": "101342", "action_flag": 1, "change_message": "[{\"added\": {}}]"}}, {"model": "admin.logentry", "pk": 195, "fields": {"action_time": "2017-07-06T11:22:41.541Z", "user": 1, "content_type": 8, "object_id": "27", "object_repr": "101346", "action_flag": 1, "change_message": "[{\"added\": {}}]"}}, {"model": "admin.logentry", "pk": 196, "fields": {"action_time": "2017-07-06T11:22:49.218Z", "user": 1, "content_type": 7, "object_id": "60", "object_repr": "101315", "action_flag": 1, "change_message": "[{\"added\": {}}]"}}, {"model": "admin.logentry", "pk": 197, "fields": {"action_time": "2017-07-06T11:22:56.837Z", "user": 1, "content_type": 8, "object_id": "28", "object_repr": "101347", "action_flag": 1, "change_message": "[{\"added\": {}}]"}}, {"model": "admin.logentry", "pk": 198, "fields": {"action_time": "2017-07-06T11:23:10.853Z", "user": 1, "content_type": 8, "object_id": "29", "object_repr": "101348", "action_flag": 1, "change_message": "[{\"added\": {}}]"}}, {"model": "admin.logentry", "pk": 199, "fields": {"action_time": "2017-07-06T11:23:11.987Z", "user": 1, "content_type": 7, "object_id": "61", "object_repr": "101316", "action_flag": 1, "change_message": "[{\"added\": {}}]"}}, {"model": "admin.logentry", "pk": 200, "fields": {"action_time": "2017-07-06T11:23:25.060Z", "user": 1, "content_type": 8, "object_id": "30", "object_repr": "101349", "action_flag": 1, "change_message": "[{\"added\": {}}]"}}, {"model": "admin.logentry", "pk": 201, "fields": {"action_time": "2017-07-06T11:23:34.878Z", "user": 1, "content_type": 7, "object_id": "62", "object_repr": "101317", "action_flag": 1, "change_message": "[{\"added\": {}}]"}}, {"model": "admin.logentry", "pk": 202, "fields": {"action_time": "2017-07-06T11:23:36.933Z", "user": 1, "content_type": 8, "object_id": "31", "object_repr": "101351", "action_flag": 1, "change_message": "[{\"added\": {}}]"}}, {"model": "admin.logentry", "pk": 203, "fields": {"action_time": "2017-07-06T11:23:48.339Z", "user": 1, "content_type": 8, "object_id": "32", "object_repr": "101353", "action_flag": 1, "change_message": "[{\"added\": {}}]"}}, {"model": "admin.logentry", "pk": 204, "fields": {"action_time": "2017-07-06T11:23:57.541Z", "user": 1, "content_type": 8, "object_id": "33", "object_repr": "101354", "action_flag": 1, "change_message": "[{\"added\": {}}]"}}, {"model": "admin.logentry", "pk": 205, "fields": {"action_time": "2017-07-06T11:24:05.206Z", "user": 1, "content_type": 8, "object_id": "34", "object_repr": "101357", "action_flag": 1, "change_message": "[{\"added\": {}}]"}}, {"model": "admin.logentry", "pk": 206, "fields": {"action_time": "2017-07-06T11:24:06.759Z", "user": 1, "content_type": 7, "object_id": "63", "object_repr": "101321", "action_flag": 1, "change_message": "[{\"added\": {}}]"}}, {"model": "admin.logentry", "pk": 207, "fields": {"action_time": "2017-07-06T11:24:11.278Z", "user": 1, "content_type": 8, "object_id": "35", "object_repr": "101358", "action_flag": 1, "change_message": "[{\"added\": {}}]"}}, {"model": "admin.logentry", "pk": 208, "fields": {"action_time": "2017-07-06T11:24:20.473Z", "user": 1, "content_type": 8, "object_id": "36", "object_repr": "101359", "action_flag": 1, "change_message": "[{\"added\": {}}]"}}, {"model": "admin.logentry", "pk": 209, "fields": {"action_time": "2017-07-06T11:24:21.856Z", "user": 1, "content_type": 7, "object_id": "64", "object_repr": "101325", "action_flag": 1, "change_message": "[{\"added\": {}}]"}}, {"model": "admin.logentry", "pk": 210, "fields": {"action_time": "2017-07-06T11:24:39.613Z", "user": 1, "content_type": 7, "object_id": "65", "object_repr": "101326", "action_flag": 1, "change_message": "[{\"added\": {}}]"}}, {"model": "admin.logentry", "pk": 211, "fields": {"action_time": "2017-07-06T11:24:54.898Z", "user": 1, "content_type": 7, "object_id": "66", "object_repr": "101331", "action_flag": 1, "change_message": "[{\"added\": {}}]"}}, {"model": "admin.logentry", "pk": 212, "fields": {"action_time": "2017-07-06T11:25:19.632Z", "user": 1, "content_type": 7, "object_id": "66", "object_repr": "101329", "action_flag": 2, "change_message": "[{\"changed\": {\"fields\": [\"roll_no\"]}}]"}}, {"model": "admin.logentry", "pk": 213, "fields": {"action_time": "2017-07-06T11:25:44.756Z", "user": 1, "content_type": 7, "object_id": "67", "object_repr": "101330", "action_flag": 1, "change_message": "[{\"added\": {}}]"}}, {"model": "admin.logentry", "pk": 214, "fields": {"action_time": "2017-07-06T11:25:48.417Z", "user": 1, "content_type": 10, "object_id": "21", "object_repr": "101302 Database Warehousing and Management", "action_flag": 1, "change_message": "[{\"added\": {}}]"}}, {"model": "admin.logentry", "pk": 215, "fields": {"action_time": "2017-07-06T11:26:07.524Z", "user": 1, "content_type": 7, "object_id": "68", "object_repr": "101331", "action_flag": 1, "change_message": "[{\"added\": {}}]"}}, {"model": "admin.logentry", "pk": 216, "fields": {"action_time": "2017-07-06T11:26:17.376Z", "user": 1, "content_type": 10, "object_id": "22", "object_repr": "101302 Human Machine Interaction", "action_flag": 1, "change_message": "[{\"added\": {}}]"}}, {"model": "admin.logentry", "pk": 217, "fields": {"action_time": "2017-07-06T11:26:25.854Z", "user": 1, "content_type": 10, "object_id": "23", "object_repr": "101302 P Dsomething Something", "action_flag": 1, "change_message": "[{\"added\": {}}]"}}, {"model": "admin.logentry", "pk": 218, "fields": {"action_time": "2017-07-06T11:26:33.571Z", "user": 1, "content_type": 10, "object_id": "24", "object_repr": "101302 BDA", "action_flag": 1, "change_message": "[{\"added\": {}}]"}}, {"model": "admin.logentry", "pk": 219, "fields": {"action_time": "2017-07-06T11:26:33.716Z", "user": 1, "content_type": 7, "object_id": "69", "object_repr": "101338", "action_flag": 1, "change_message": "[{\"added\": {}}]"}}, {"model": "admin.logentry", "pk": 220, "fields": {"action_time": "2017-07-06T11:26:43.495Z", "user": 1, "content_type": 10, "object_id": "25", "object_repr": "101302 Cloud Computing", "action_flag": 1, "change_message": "[{\"added\": {}}]"}}, {"model": "admin.logentry", "pk": 221, "fields": {"action_time": "2017-07-06T11:26:47.169Z", "user": 1, "content_type": 7, "object_id": "70", "object_repr": "101343", "action_flag": 1, "change_message": "[{\"added\": {}}]"}}, {"model": "admin.logentry", "pk": 222, "fields": {"action_time": "2017-07-06T11:27:07.659Z", "user": 1, "content_type": 7, "object_id": "71", "object_repr": "101344", "action_flag": 1, "change_message": "[{\"added\": {}}]"}}, {"model": "admin.logentry", "pk": 223, "fields": {"action_time": "2017-07-06T11:27:19.282Z", "user": 1, "content_type": 7, "object_id": "72", "object_repr": "101345", "action_flag": 1, "change_message": "[{\"added\": {}}]"}}, {"model": "admin.logentry", "pk": 224, "fields": {"action_time": "2017-07-06T11:27:29.831Z", "user": 1, "content_type": 7, "object_id": "73", "object_repr": "101352", "action_flag": 1, "change_message": "[{\"added\": {}}]"}}, {"model": "admin.logentry", "pk": 225, "fields": {"action_time": "2017-07-06T11:27:48.719Z", "user": 1, "content_type": 7, "object_id": "74", "object_repr": "101355", "action_flag": 1, "change_message": "[{\"added\": {}}]"}}, {"model": "admin.logentry", "pk": 226, "fields": {"action_time": "2017-07-06T11:28:02.751Z", "user": 1, "content_type": 7, "object_id": "75", "object_repr": "101360", "action_flag": 1, "change_message": "[{\"added\": {}}]"}}, {"model": "admin.logentry", "pk": 227, "fields": {"action_time": "2017-07-06T11:28:17.817Z", "user": 1, "content_type": 7, "object_id": "76", "object_repr": "101361", "action_flag": 1, "change_message": "[{\"added\": {}}]"}}, {"model": "admin.logentry", "pk": 228, "fields": {"action_time": "2017-07-06T11:28:34.251Z", "user": 1, "content_type": 7, "object_id": "77", "object_repr": "101362", "action_flag": 1, "change_message": "[{\"added\": {}}]"}}, {"model": "admin.logentry", "pk": 229, "fields": {"action_time": "2017-07-06T11:28:56.153Z", "user": 1, "content_type": 7, "object_id": "78", "object_repr": "101363", "action_flag": 1, "change_message": "[{\"added\": {}}]"}}, {"model": "admin.logentry", "pk": 230, "fields": {"action_time": "2017-07-06T11:33:35.371Z", "user": 1, "content_type": 8, "object_id": "37", "object_repr": "101364", "action_flag": 1, "change_message": "[{\"added\": {}}]"}}, {"model": "admin.logentry", "pk": 231, "fields": {"action_time": "2017-07-06T11:33:42.953Z", "user": 1, "content_type": 8, "object_id": "38", "object_repr": "101365", "action_flag": 1, "change_message": "[{\"added\": {}}]"}}, {"model": "admin.logentry", "pk": 232, "fields": {"action_time": "2017-07-06T11:34:08.465Z", "user": 1, "content_type": 8, "object_id": "39", "object_repr": "101366", "action_flag": 1, "change_message": "[{\"added\": {}}]"}}, {"model": "admin.logentry", "pk": 233, "fields": {"action_time": "2017-07-06T11:34:17.143Z", "user": 1, "content_type": 8, "object_id": "40", "object_repr": "101367", "action_flag": 1, "change_message": "[{\"added\": {}}]"}}, {"model": "admin.logentry", "pk": 234, "fields": {"action_time": "2017-07-06T11:34:26.991Z", "user": 1, "content_type": 8, "object_id": "41", "object_repr": "101369", "action_flag": 1, "change_message": "[{\"added\": {}}]"}}, {"model": "admin.logentry", "pk": 235, "fields": {"action_time": "2017-07-06T11:34:33.309Z", "user": 1, "content_type": 8, "object_id": "42", "object_repr": "101371", "action_flag": 1, "change_message": "[{\"added\": {}}]"}}, {"model": "admin.logentry", "pk": 236, "fields": {"action_time": "2017-07-06T11:34:39.126Z", "user": 1, "content_type": 8, "object_id": "43", "object_repr": "101372", "action_flag": 1, "change_message": "[{\"added\": {}}]"}}, {"model": "admin.logentry", "pk": 237, "fields": {"action_time": "2017-07-06T11:34:43.512Z", "user": 1, "content_type": 8, "object_id": "44", "object_repr": "101373", "action_flag": 1, "change_message": "[{\"added\": {}}]"}}, {"model": "admin.logentry", "pk": 238, "fields": {"action_time": "2017-07-06T11:34:49.632Z", "user": 1, "content_type": 8, "object_id": "45", "object_repr": "101374", "action_flag": 1, "change_message": "[{\"added\": {}}]"}}, {"model": "admin.logentry", "pk": 239, "fields": {"action_time": "2017-07-06T11:34:54.414Z", "user": 1, "content_type": 8, "object_id": "46", "object_repr": "101375", "action_flag": 1, "change_message": "[{\"added\": {}}]"}}, {"model": "admin.logentry", "pk": 240, "fields": {"action_time": "2017-07-06T11:34:58.704Z", "user": 1, "content_type": 8, "object_id": "47", "object_repr": "101376", "action_flag": 1, "change_message": "[{\"added\": {}}]"}}, {"model": "admin.logentry", "pk": 241, "fields": {"action_time": "2017-07-06T11:35:13.185Z", "user": 1, "content_type": 8, "object_id": "48", "object_repr": "101375", "action_flag": 1, "change_message": "[{\"added\": {}}]"}}, {"model": "admin.logentry", "pk": 242, "fields": {"action_time": "2017-07-06T11:35:41.966Z", "user": 1, "content_type": 8, "object_id": "48", "object_repr": "101375", "action_flag": 3, "change_message": ""}}, {"model": "admin.logentry", "pk": 243, "fields": {"action_time": "2017-07-06T11:36:09.417Z", "user": 1, "content_type": 8, "object_id": "49", "object_repr": "101376", "action_flag": 1, "change_message": "[{\"added\": {}}]"}}, {"model": "admin.logentry", "pk": 244, "fields": {"action_time": "2017-07-06T11:36:19.689Z", "user": 1, "content_type": 8, "object_id": "50", "object_repr": "101377", "action_flag": 1, "change_message": "[{\"added\": {}}]"}}, {"model": "admin.logentry", "pk": 245, "fields": {"action_time": "2017-07-06T11:37:05.855Z", "user": 1, "content_type": 8, "object_id": "51", "object_repr": "101234", "action_flag": 1, "change_message": "[{\"added\": {}}]"}}, {"model": "admin.logentry", "pk": 246, "fields": {"action_time": "2017-07-06T11:37:22.754Z", "user": 1, "content_type": 8, "object_id": "52", "object_repr": "101108", "action_flag": 1, "change_message": "[{\"added\": {}}]"}}, {"model": "admin.logentry", "pk": 247, "fields": {"action_time": "2017-07-06T11:37:44.819Z", "user": 1, "content_type": 8, "object_id": "53", "object_repr": "101266", "action_flag": 1, "change_message": "[{\"added\": {}}]"}}, {"model": "admin.logentry", "pk": 248, "fields": {"action_time": "2017-07-06T11:37:59.715Z", "user": 1, "content_type": 8, "object_id": "54", "object_repr": "101268", "action_flag": 1, "change_message": "[{\"added\": {}}]"}}, {"model": "admin.logentry", "pk": 249, "fields": {"action_time": "2017-07-06T11:38:09.174Z", "user": 1, "content_type": 8, "object_id": "55", "object_repr": "101269", "action_flag": 1, "change_message": "[{\"added\": {}}]"}}, {"model": "admin.logentry", "pk": 250, "fields": {"action_time": "2017-07-06T11:38:36.576Z", "user": 1, "content_type": 8, "object_id": "56", "object_repr": "101301", "action_flag": 1, "change_message": "[{\"added\": {}}]"}}, {"model": "admin.logentry", "pk": 251, "fields": {"action_time": "2017-07-06T11:38:43.267Z", "user": 1, "content_type": 8, "object_id": "57", "object_repr": "101306", "action_flag": 1, "change_message": "[{\"added\": {}}]"}}, {"model": "admin.logentry", "pk": 252, "fields": {"action_time": "2017-07-06T11:38:50.085Z", "user": 1, "content_type": 8, "object_id": "58", "object_repr": "101308", "action_flag": 1, "change_message": "[{\"added\": {}}]"}}, {"model": "admin.logentry", "pk": 253, "fields": {"action_time": "2017-07-06T11:38:58.363Z", "user": 1, "content_type": 8, "object_id": "59", "object_repr": "101311", "action_flag": 1, "change_message": "[{\"added\": {}}]"}}, {"model": "admin.logentry", "pk": 254, "fields": {"action_time": "2017-07-06T11:39:05.701Z", "user": 1, "content_type": 8, "object_id": "60", "object_repr": "101312", "action_flag": 1, "change_message": "[{\"added\": {}}]"}}, {"model": "admin.logentry", "pk": 255, "fields": {"action_time": "2017-07-06T11:39:12.515Z", "user": 1, "content_type": 8, "object_id": "61", "object_repr": "101314", "action_flag": 1, "change_message": "[{\"added\": {}}]"}}, {"model": "admin.logentry", "pk": 256, "fields": {"action_time": "2017-07-06T11:39:22.865Z", "user": 1, "content_type": 8, "object_id": "62", "object_repr": "101315", "action_flag": 1, "change_message": "[{\"added\": {}}]"}}, {"model": "admin.logentry", "pk": 257, "fields": {"action_time": "2017-07-06T11:39:30.186Z", "user": 1, "content_type": 8, "object_id": "63", "object_repr": "101316", "action_flag": 1, "change_message": "[{\"added\": {}}]"}}, {"model": "admin.logentry", "pk": 258, "fields": {"action_time": "2017-07-06T11:39:40.593Z", "user": 1, "content_type": 8, "object_id": "64", "object_repr": "101317", "action_flag": 1, "change_message": "[{\"added\": {}}]"}}, {"model": "admin.logentry", "pk": 259, "fields": {"action_time": "2017-07-06T11:39:48.405Z", "user": 1, "content_type": 8, "object_id": "65", "object_repr": "101321", "action_flag": 1, "change_message": "[{\"added\": {}}]"}}, {"model": "admin.logentry", "pk": 260, "fields": {"action_time": "2017-07-06T11:40:02.034Z", "user": 1, "content_type": 8, "object_id": "66", "object_repr": "101325", "action_flag": 1, "change_message": "[{\"added\": {}}]"}}, {"model": "admin.logentry", "pk": 261, "fields": {"action_time": "2017-07-06T11:40:06.071Z", "user": 1, "content_type": 8, "object_id": "67", "object_repr": "101326", "action_flag": 1, "change_message": "[{\"added\": {}}]"}}, {"model": "admin.logentry", "pk": 262, "fields": {"action_time": "2017-07-06T11:40:08.803Z", "user": 1, "content_type": 8, "object_id": "68", "object_repr": "101329", "action_flag": 1, "change_message": "[{\"added\": {}}]"}}, {"model": "admin.logentry", "pk": 263, "fields": {"action_time": "2017-07-06T11:40:11.578Z", "user": 1, "content_type": 8, "object_id": "69", "object_repr": "101330", "action_flag": 1, "change_message": "[{\"added\": {}}]"}}, {"model": "admin.logentry", "pk": 264, "fields": {"action_time": "2017-07-06T11:40:15.703Z", "user": 1, "content_type": 8, "object_id": "70", "object_repr": "101331", "action_flag": 1, "change_message": "[{\"added\": {}}]"}}, {"model": "admin.logentry", "pk": 265, "fields": {"action_time": "2017-07-06T11:40:19.166Z", "user": 1, "content_type": 8, "object_id": "71", "object_repr": "101338", "action_flag": 1, "change_message": "[{\"added\": {}}]"}}, {"model": "admin.logentry", "pk": 266, "fields": {"action_time": "2017-07-06T11:40:23.489Z", "user": 1, "content_type": 8, "object_id": "72", "object_repr": "101343", "action_flag": 1, "change_message": "[{\"added\": {}}]"}}, {"model": "admin.logentry", "pk": 267, "fields": {"action_time": "2017-07-06T11:40:32.357Z", "user": 1, "content_type": 8, "object_id": "73", "object_repr": "101344", "action_flag": 1, "change_message": "[{\"added\": {}}]"}}, {"model": "admin.logentry", "pk": 268, "fields": {"action_time": "2017-07-06T11:40:38.028Z", "user": 1, "content_type": 8, "object_id": "74", "object_repr": "101345", "action_flag": 1, "change_message": "[{\"added\": {}}]"}}, {"model": "admin.logentry", "pk": 269, "fields": {"action_time": "2017-07-06T11:40:43.236Z", "user": 1, "content_type": 8, "object_id": "75", "object_repr": "101352", "action_flag": 1, "change_message": "[{\"added\": {}}]"}}, {"model": "admin.logentry", "pk": 270, "fields": {"action_time": "2017-07-06T11:40:54.240Z", "user": 1, "content_type": 8, "object_id": "76", "object_repr": "101355", "action_flag": 1, "change_message": "[{\"added\": {}}]"}}, {"model": "admin.logentry", "pk": 271, "fields": {"action_time": "2017-07-06T11:40:58.569Z", "user": 1, "content_type": 8, "object_id": "77", "object_repr": "101360", "action_flag": 1, "change_message": "[{\"added\": {}}]"}}, {"model": "admin.logentry", "pk": 272, "fields": {"action_time": "2017-07-06T11:41:05.376Z", "user": 1, "content_type": 8, "object_id": "78", "object_repr": "101361", "action_flag": 1, "change_message": "[{\"added\": {}}]"}}, {"model": "admin.logentry", "pk": 273, "fields": {"action_time": "2017-07-06T11:41:08.454Z", "user": 1, "content_type": 8, "object_id": "79", "object_repr": "101362", "action_flag": 1, "change_message": "[{\"added\": {}}]"}}, {"model": "admin.logentry", "pk": 274, "fields": {"action_time": "2017-07-06T11:41:11.374Z", "user": 1, "content_type": 8, "object_id": "80", "object_repr": "101363", "action_flag": 1, "change_message": "[{\"added\": {}}]"}}]